date,author,confidence
2025-04-19,AltcoinPsycho,100.0
2025-04-19,CarpeNoctom,80.0
2025-04-19,CryptoHayes,99.0
2025-04-19,DavidDuong,100.0
2025-04-19,JSeyff,26.0
2025-04-19,TraderMercury,55.0
2025-04-19,_Checkmatey_,56.0
2025-04-19,rektcapital,45.0
2025-04-20,AltcoinPsycho,100.0
2025-04-20,CarpeNoctom,86.0
2025-04-20,CryptoHayes,100.0
2025-04-20,DavidDuong,100.0
2025-04-20,JSeyff,26.0
2025-04-20,TraderMercury,74.0
2025-04-20,_Checkmatey_,68.0
2025-04-20,rektcapital,48.0
2025-04-21,AltcoinPsycho,100.0
2025-04-21,CarpeNoctom,88.0
2025-04-21,CryptoHayes,100.0
2025-04-21,DavidDuong,100.0
2025-04-21,JSeyff,26.0
2025-04-21,TraderMercury,78.0
2025-04-21,_Checkmatey_,74.0
2025-04-21,rektcapital,61.0
2025-04-22,AltcoinPsycho,100.0
2025-04-22,CarpeNoctom,90.0
2025-04-22,CryptoHayes,100.0
2025-04-22,DavidDuong,100.0
2025-04-22,JSeyff,25.0
2025-04-22,TraderMercury,81.0
2025-04-22,_Checkmatey_,71.0
2025-04-22,rektcapital,69.0
2025-04-23,AltcoinPsycho,100.0
2025-04-23,CarpeNoctom,94.0
2025-04-23,CryptoHayes,100.0
2025-04-23,DavidDuong,100.0
2025-04-23,JSeyff,25.0
2025-04-23,TraderMercury,84.0
2025-04-23,_Checkmatey_,64.0
2025-04-23,rektcapital,77.0
2025-04-24,AltcoinPsycho,100.0
2025-04-24,CarpeNoctom,96.0
2025-04-24,CryptoHayes,100.0
2025-04-24,DavidDuong,100.0
2025-04-24,JSeyff,25.0
2025-04-24,TraderMercury,93.0
2025-04-24,_Checkmatey_,64.0
2025-04-24,rektcapital,81.0
2025-04-25,AltcoinPsycho,100.0
2025-04-25,CarpeNoctom,98.0
2025-04-25,CryptoHayes,100.0
2025-04-25,DavidDuong,100.0
2025-04-25,JSeyff,25.0
2025-04-25,TraderMercury,95.0
2025-04-25,_Checkmatey_,63.0
2025-04-25,rektcapital,86.0
2025-04-26,AltcoinPsycho,100.0
2025-04-26,CarpeNoctom,99.0
2025-04-26,CryptoHayes,100.0
2025-04-26,DavidDuong,100.0
2025-04-26,JSeyff,25.0
2025-04-26,TraderMercury,98.0
2025-04-26,_Checkmatey_,59.0
2025-04-26,rektcapital,89.0
2025-04-27,AltcoinPsycho,100.0
2025-04-27,CarpeNoctom,99.0
2025-04-27,CryptoHayes,100.0
2025-04-27,DavidDuong,100.0
2025-04-27,JSeyff,25.0
2025-04-27,TraderMercury,99.0
2025-04-27,_Checkmatey_,51.0
2025-04-27,rektcapital,91.0
2025-04-28,AltcoinPsycho,100.0
2025-04-28,CarpeNoctom,100.0
2025-04-28,CryptoHayes,100.0
2025-04-28,DavidDuong,100.0
2025-04-28,JSeyff,25.0
2025-04-28,TraderMercury,99.0
2025-04-28,_Checkmatey_,49.0
2025-04-28,rektcapital,91.0
2025-04-29,AltcoinPsycho,100.0
2025-04-29,CarpeNoctom,100.0
2025-04-29,CryptoHayes,100.0
2025-04-29,DavidDuong,100.0
2025-04-29,JSeyff,25.0
2025-04-29,TraderMercury,99.0
2025-04-29,_Checkmatey_,40.0
2025-04-29,rektcapital,92.0
2025-04-30,AltcoinPsycho,100.0
2025-04-30,CarpeNoctom,100.0
2025-04-30,CryptoHayes,100.0
2025-04-30,DavidDuong,100.0
2025-04-30,JSeyff,25.0
2025-04-30,TraderMercury,100.0
2025-04-30,_Checkmatey_,43.0
2025-04-30,rektcapital,93.0
2025-05-01,AltcoinPsycho,100.0
2025-05-01,CarpeNoctom,100.0
2025-05-01,CryptoHayes,100.0
2025-05-01,DavidDuong,100.0
2025-05-01,JSeyff,99.0
2025-05-01,TraderMercury,100.0
2025-05-01,_Checkmatey_,42.0
2025-05-01,rektcapital,92.0
2025-05-02,AltcoinPsycho,100.0
2025-05-02,CarpeNoctom,77.0
2025-05-02,CryptoHayes,100.0
2025-05-02,DavidDuong,100.0
2025-05-02,JSeyff,100.0
2025-05-02,TraderMercury,100.0
2025-05-02,_Checkmatey_,45.0
2025-05-02,rektcapital,91.0
2025-05-03,AltcoinPsycho,100.0
2025-05-03,CarpeNoctom,78.0
2025-05-03,CryptoHayes,100.0
2025-05-03,DavidDuong,100.0
2025-05-03,JSeyff,100.0
2025-05-03,TraderMercury,100.0
2025-05-03,_Checkmatey_,48.0
2025-05-03,rektcapital,91.0
2025-05-04,AltcoinPsycho,100.0
2025-05-04,CarpeNoctom,80.0
2025-05-04,CryptoHayes,100.0
2025-05-04,DavidDuong,100.0
2025-05-04,JSeyff,100.0
2025-05-04,TraderMercury,100.0
2025-05-04,_Checkmatey_,48.0
2025-05-04,rektcapital,91.0
2025-05-05,AltcoinPsycho,100.0
2025-05-05,CarpeNoctom,80.0
2025-05-05,CryptoHayes,100.0
2025-05-05,DavidDuong,100.0
2025-05-05,JSeyff,100.0
2025-05-05,TraderMercury,100.0
2025-05-05,_Checkmatey_,53.0
2025-05-05,rektcapital,74.0
2025-05-06,AltcoinPsycho,100.0
2025-05-06,CarpeNoctom,79.0
2025-05-06,CryptoHayes,100.0
2025-05-06,DavidDuong,100.0
2025-05-06,JSeyff,100.0
2025-05-06,TraderMercury,100.0
2025-05-06,_Checkmatey_,51.0
2025-05-06,rektcapital,71.0
2025-05-07,AltcoinPsycho,100.0
2025-05-07,CarpeNoctom,79.0
2025-05-07,CryptoHayes,100.0
2025-05-07,DavidDuong,100.0
2025-05-07,JSeyff,100.0
2025-05-07,TraderMercury,100.0
2025-05-07,_Checkmatey_,43.0
2025-05-07,rektcapital,64.0
2025-05-08,AltcoinPsycho,100.0
2025-05-08,CarpeNoctom,83.0
2025-05-08,CryptoHayes,100.0
2025-05-08,DavidDuong,100.0
2025-05-08,JSeyff,100.0
2025-05-08,TraderMercury,89.0
2025-05-08,_Checkmatey_,44.0
2025-05-08,rektcapital,72.0
2025-05-09,AltcoinPsycho,100.0
2025-05-09,CarpeNoctom,84.0
2025-05-09,CryptoHayes,100.0
2025-05-09,DavidDuong,100.0
2025-05-09,JSeyff,91.0
2025-05-09,TraderMercury,68.0
2025-05-09,_Checkmatey_,46.0
2025-05-09,rektcapital,79.0
2025-05-10,AltcoinPsycho,100.0
2025-05-10,CarpeNoctom,89.0
2025-05-10,CryptoHayes,100.0
2025-05-10,DavidDuong,100.0
2025-05-10,JSeyff,93.0
2025-05-10,TraderMercury,66.0
2025-05-10,_Checkmatey_,49.0
2025-05-10,rektcapital,82.0
2025-05-11,AltcoinPsycho,100.0
2025-05-11,CarpeNoctom,93.0
2025-05-11,CryptoHayes,100.0
2025-05-11,DavidDuong,100.0
2025-05-11,JSeyff,92.0
2025-05-11,TraderMercury,64.0
2025-05-11,_Checkmatey_,53.0
2025-05-11,rektcapital,87.0
2025-05-12,AltcoinPsycho,100.0
2025-05-12,CarpeNoctom,94.0
2025-05-12,CryptoHayes,100.0
2025-05-12,DavidDuong,100.0
2025-05-12,JSeyff,92.0
2025-05-12,TraderMercury,78.0
2025-05-12,_Checkmatey_,56.0
2025-05-12,rektcapital,88.0
2025-05-13,AltcoinPsycho,100.0
2025-05-13,CarpeNoctom,95.0
2025-05-13,CryptoHayes,100.0
2025-05-13,DavidDuong,100.0
2025-05-13,JSeyff,92.0
2025-05-13,TraderMercury,79.0
2025-05-13,_Checkmatey_,54.0
2025-05-13,rektcapital,89.0
2025-05-14,AltcoinPsycho,100.0
2025-05-14,CarpeNoctom,96.0
2025-05-14,CryptoHayes,100.0
2025-05-14,DavidDuong,88.0
2025-05-14,JSeyff,92.0
2025-05-14,TraderMercury,79.0
2025-05-14,_Checkmatey_,47.0
2025-05-14,rektcapital,90.0
2025-05-15,AltcoinPsycho,100.0
2025-05-15,CarpeNoctom,97.0
2025-05-15,CryptoHayes,100.0
2025-05-15,DavidDuong,82.0
2025-05-15,JSeyff,95.0
2025-05-15,TraderMercury,79.0
2025-05-15,_Checkmatey_,42.0
2025-05-15,rektcapital,91.0
2025-05-16,AltcoinPsycho,100.0
2025-05-16,CarpeNoctom,60.0
2025-05-16,CryptoHayes,100.0
2025-05-16,DavidDuong,81.0
2025-05-16,JSeyff,96.0
2025-05-16,TraderMercury,80.0
2025-05-16,_Checkmatey_,41.0
2025-05-16,rektcapital,91.0
2025-05-17,AltcoinPsycho,100.0
2025-05-17,CarpeNoctom,56.0
2025-05-17,CryptoHayes,100.0
2025-05-17,DavidDuong,86.0
2025-05-17,JSeyff,96.0
2025-05-17,TraderMercury,81.0
2025-05-17,_Checkmatey_,43.0
2025-05-17,rektcapital,92.0
2025-05-18,AltcoinPsycho,100.0
2025-05-18,CarpeNoctom,64.0
2025-05-18,CryptoHayes,100.0
2025-05-18,DavidDuong,86.0
2025-05-18,JSeyff,97.0
2025-05-18,TraderMercury,81.0
2025-05-18,_Checkmatey_,42.0
2025-05-18,rektcapital,93.0
2025-05-19,AltcoinPsycho,100.0
2025-05-19,CarpeNoctom,63.0
2025-05-19,CryptoHayes,100.0
2025-05-19,DavidDuong,87.0
2025-05-19,JSeyff,97.0
2025-05-19,TraderMercury,88.0
2025-05-19,_Checkmatey_,50.0
2025-05-19,rektcapital,96.0
2025-05-20,AltcoinPsycho,100.0
2025-05-20,CarpeNoctom,63.0
2025-05-20,CryptoHayes,100.0
2025-05-20,DavidDuong,87.0
2025-05-20,JSeyff,97.0
2025-05-20,TraderMercury,90.0
2025-05-20,_Checkmatey_,52.0
2025-05-20,rektcapital,96.0
2025-05-21,AltcoinPsycho,100.0
2025-05-21,CarpeNoctom,63.0
2025-05-21,CryptoHayes,100.0
2025-05-21,DavidDuong,92.0
2025-05-21,JSeyff,98.0
2025-05-21,TraderMercury,96.0
2025-05-21,_Checkmatey_,56.0
2025-05-21,rektcapital,96.0
2025-05-22,AltcoinPsycho,100.0
2025-05-22,CarpeNoctom,63.0
2025-05-22,CryptoHayes,100.0
2025-05-22,DavidDuong,93.0
2025-05-22,JSeyff,98.0
2025-05-22,TraderMercury,81.0
2025-05-22,_Checkmatey_,63.0
2025-05-22,rektcapital,82.0
2025-05-23,AltcoinPsycho,100.0
2025-05-23,CarpeNoctom,63.0
2025-05-23,CryptoHayes,100.0
2025-05-23,DavidDuong,94.0
2025-05-23,JSeyff,44.0
2025-05-23,TraderMercury,75.0
2025-05-23,_Checkmatey_,71.0
2025-05-23,rektcapital,86.0
2025-05-24,AltcoinPsycho,100.0
2025-05-24,CarpeNoctom,80.0
2025-05-24,CryptoHayes,100.0
2025-05-24,DavidDuong,95.0
2025-05-24,JSeyff,42.0
2025-05-24,TraderMercury,74.0
2025-05-24,_Checkmatey_,75.0
2025-05-24,rektcapital,86.0
2025-05-25,AltcoinPsycho,100.0
2025-05-25,CarpeNoctom,92.0
2025-05-25,CryptoHayes,100.0
2025-05-25,DavidDuong,95.0
2025-05-25,JSeyff,41.0
2025-05-25,TraderMercury,77.0
2025-05-25,_Checkmatey_,78.0
2025-05-25,rektcapital,86.0
2025-05-26,AltcoinPsycho,100.0
2025-05-26,CarpeNoctom,72.0
2025-05-26,CryptoHayes,100.0
2025-05-26,DavidDuong,96.0
2025-05-26,JSeyff,40.0
2025-05-26,TraderMercury,80.0
2025-05-26,_Checkmatey_,53.0
2025-05-26,rektcapital,86.0
2025-05-27,AltcoinPsycho,100.0
2025-05-27,CarpeNoctom,71.0
2025-05-27,CryptoHayes,100.0
2025-05-27,DavidDuong,97.0
2025-05-27,JSeyff,40.0
2025-05-27,TraderMercury,68.0
2025-05-27,_Checkmatey_,51.0
2025-05-27,rektcapital,86.0
2025-05-28,AltcoinPsycho,100.0
2025-05-28,CarpeNoctom,70.0
2025-05-28,CryptoHayes,100.0
2025-05-28,DavidDuong,97.0
2025-05-28,JSeyff,39.0
2025-05-28,TraderMercury,67.0
2025-05-28,_Checkmatey_,44.0
2025-05-28,rektcapital,89.0
2025-05-29,AltcoinPsycho,100.0
2025-05-29,CarpeNoctom,76.0
2025-05-29,CryptoHayes,100.0
2025-05-29,DavidDuong,89.0
2025-05-29,JSeyff,39.0
2025-05-29,TraderMercury,66.0
2025-05-29,_Checkmatey_,53.0
2025-05-29,rektcapital,89.0
2025-05-30,AltcoinPsycho,100.0
2025-05-30,CarpeNoctom,76.0
2025-05-30,CryptoHayes,100.0
2025-05-30,DavidDuong,89.0
2025-05-30,JSeyff,39.0
2025-05-30,TraderMercury,71.0
2025-05-30,_Checkmatey_,53.0
2025-05-30,rektcapital,90.0
2025-05-31,AltcoinPsycho,100.0
2025-05-31,CarpeNoctom,76.0
2025-05-31,CryptoHayes,100.0
2025-05-31,DavidDuong,91.0
2025-05-31,JSeyff,39.0
2025-05-31,TraderMercury,71.0
2025-05-31,_Checkmatey_,53.0
2025-05-31,rektcapital,91.0
2025-06-01,AltcoinPsycho,100.0
2025-06-01,CarpeNoctom,82.0
2025-06-01,CryptoHayes,100.0
2025-06-01,DavidDuong,91.0
2025-06-01,JSeyff,39.0
2025-06-01,TraderMercury,71.0
2025-06-01,_Checkmatey_,53.0
2025-06-01,rektcapital,91.0
2025-06-02,AltcoinPsycho,100.0
2025-06-02,CarpeNoctom,64.0
2025-06-02,CryptoHayes,100.0
2025-06-02,DavidDuong,91.0
2025-06-02,JSeyff,39.0
2025-06-02,TraderMercury,73.0
2025-06-02,_Checkmatey_,54.0
2025-06-02,rektcapital,92.0
2025-06-03,AltcoinPsycho,75.0
2025-06-03,CarpeNoctom,49.0
2025-06-03,CryptoHayes,100.0
2025-06-03,DavidDuong,91.0
2025-06-03,JSeyff,39.0
2025-06-03,TraderMercury,73.0
2025-06-03,_Checkmatey_,54.0
2025-06-03,rektcapital,91.0
2025-06-04,AltcoinPsycho,75.0
2025-06-04,CarpeNoctom,47.0
2025-06-04,CryptoHayes,100.0
2025-06-04,DavidDuong,91.0
2025-06-04,JSeyff,89.0
2025-06-04,TraderMercury,82.0
2025-06-04,_Checkmatey_,41.0
2025-06-04,rektcapital,91.0
2025-06-05,AltcoinPsycho,75.0
2025-06-05,CarpeNoctom,44.0
2025-06-05,CryptoHayes,100.0
2025-06-05,DavidDuong,91.0
2025-06-05,JSeyff,93.0
2025-06-05,TraderMercury,83.0
2025-06-05,_Checkmatey_,42.0
2025-06-05,rektcapital,90.0
2025-06-06,AltcoinPsycho,89.0
2025-06-06,CarpeNoctom,32.0
2025-06-06,CryptoHayes,100.0
2025-06-06,DavidDuong,91.0
2025-06-06,JSeyff,98.0
2025-06-06,TraderMercury,85.0
2025-06-06,_Checkmatey_,41.0
2025-06-06,rektcapital,89.0
2025-06-07,AltcoinPsycho,89.0
2025-06-07,CarpeNoctom,39.0
2025-06-07,CryptoHayes,100.0
2025-06-07,DavidDuong,91.0
2025-06-07,JSeyff,99.0
2025-06-07,TraderMercury,90.0
2025-06-07,_Checkmatey_,40.0
2025-06-07,rektcapital,94.0
2025-06-08,AltcoinPsycho,90.0
2025-06-08,CarpeNoctom,39.0
2025-06-08,CryptoHayes,100.0
2025-06-08,DavidDuong,91.0
2025-06-08,JSeyff,99.0
2025-06-08,TraderMercury,92.0
2025-06-08,_Checkmatey_,40.0
2025-06-08,rektcapital,95.0
2025-06-09,AltcoinPsycho,91.0
2025-06-09,CarpeNoctom,38.0
2025-06-09,CryptoHayes,100.0
2025-06-09,DavidDuong,91.0
2025-06-09,JSeyff,100.0
2025-06-09,TraderMercury,93.0
2025-06-09,_Checkmatey_,44.0
2025-06-09,rektcapital,97.0
2025-06-10,AltcoinPsycho,91.0
2025-06-10,CarpeNoctom,38.0
2025-06-10,CryptoHayes,100.0
2025-06-10,DavidDuong,91.0
2025-06-10,JSeyff,100.0
2025-06-10,TraderMercury,94.0
2025-06-10,_Checkmatey_,39.0
2025-06-10,rektcapital,98.0
2025-06-11,AltcoinPsycho,92.0
2025-06-11,CarpeNoctom,38.0
2025-06-11,CryptoHayes,100.0
2025-06-11,DavidDuong,91.0
2025-06-11,JSeyff,100.0
2025-06-11,TraderMercury,95.0
2025-06-11,_Checkmatey_,36.0
2025-06-11,rektcapital,99.0
2025-06-12,AltcoinPsycho,93.0
2025-06-12,CarpeNoctom,67.0
2025-06-12,CryptoHayes,100.0
2025-06-12,DavidDuong,91.0
2025-06-12,JSeyff,100.0
2025-06-12,TraderMercury,95.0
2025-06-12,_Checkmatey_,33.0
2025-06-12,rektcapital,99.0
2025-06-13,AltcoinPsycho,98.0
2025-06-13,CarpeNoctom,72.0
2025-06-13,CryptoHayes,100.0
2025-06-13,DavidDuong,91.0
2025-06-13,JSeyff,100.0
2025-06-13,TraderMercury,96.0
2025-06-13,_Checkmatey_,34.0
2025-06-13,rektcapital,99.0
2025-06-14,AltcoinPsycho,98.0
2025-06-14,CarpeNoctom,77.0
2025-06-14,CryptoHayes,100.0
2025-06-14,DavidDuong,91.0
2025-06-14,JSeyff,100.0
2025-06-14,TraderMercury,92.0
2025-06-14,_Checkmatey_,32.0
2025-06-14,rektcapital,75.0
2025-06-15,AltcoinPsycho,99.0
2025-06-15,CarpeNoctom,81.0
2025-06-15,CryptoHayes,100.0
2025-06-15,DavidDuong,91.0
2025-06-15,JSeyff,100.0
2025-06-15,TraderMercury,92.0
2025-06-15,_Checkmatey_,30.0
2025-06-15,rektcapital,65.0
2025-06-16,AltcoinPsycho,99.0
2025-06-16,CarpeNoctom,84.0
2025-06-16,CryptoHayes,100.0
2025-06-16,DavidDuong,100.0
2025-06-16,JSeyff,100.0
2025-06-16,TraderMercury,91.0
2025-06-16,_Checkmatey_,30.0
2025-06-16,rektcapital,63.0
2025-06-17,AltcoinPsycho,99.0
2025-06-17,CarpeNoctom,92.0
2025-06-17,CryptoHayes,100.0
2025-06-17,DavidDuong,100.0
2025-06-17,JSeyff,100.0
2025-06-17,TraderMercury,93.0
2025-06-17,_Checkmatey_,29.0
2025-06-17,rektcapital,58.0
2025-06-18,AltcoinPsycho,100.0
2025-06-18,CarpeNoctom,96.0
2025-06-18,CryptoHayes,100.0
2025-06-18,DavidDuong,100.0
2025-06-18,JSeyff,100.0
2025-06-18,TraderMercury,95.0
2025-06-18,_Checkmatey_,31.0
2025-06-18,rektcapital,57.0
2025-06-19,AltcoinPsycho,100.0
2025-06-19,CarpeNoctom,97.0
2025-06-19,CryptoHayes,100.0
2025-06-19,DavidDuong,100.0
2025-06-19,JSeyff,100.0
2025-06-19,TraderMercury,95.0
2025-06-19,_Checkmatey_,31.0
2025-06-19,rektcapital,56.0
2025-06-20,AltcoinPsycho,100.0
2025-06-20,CarpeNoctom,99.0
2025-06-20,CryptoHayes,100.0
2025-06-20,DavidDuong,100.0
2025-06-20,JSeyff,100.0
2025-06-20,TraderMercury,68.0
2025-06-20,_Checkmatey_,34.0
2025-06-20,rektcapital,55.0
2025-06-21,AltcoinPsycho,100.0
2025-06-21,CarpeNoctom,99.0
2025-06-21,CryptoHayes,100.0
2025-06-21,DavidDuong,100.0
2025-06-21,JSeyff,100.0
2025-06-21,TraderMercury,73.0
2025-06-21,_Checkmatey_,35.0
2025-06-21,rektcapital,57.0
2025-06-22,AltcoinPsycho,100.0
2025-06-22,CarpeNoctom,51.0
2025-06-22,CryptoHayes,100.0
2025-06-22,DavidDuong,100.0
2025-06-22,JSeyff,100.0
2025-06-22,TraderMercury,72.0
2025-06-22,_Checkmatey_,35.0
2025-06-22,rektcapital,57.0
2025-06-23,AltcoinPsycho,100.0
2025-06-23,CarpeNoctom,48.0
2025-06-23,CryptoHayes,100.0
2025-06-23,DavidDuong,100.0
2025-06-23,JSeyff,100.0
2025-06-23,TraderMercury,46.0
2025-06-23,_Checkmatey_,36.0
2025-06-23,rektcapital,57.0
2025-06-24,AltcoinPsycho,100.0
2025-06-24,CarpeNoctom,46.0
2025-06-24,CryptoHayes,100.0
2025-06-24,DavidDuong,100.0
2025-06-24,JSeyff,100.0
2025-06-24,TraderMercury,40.0
2025-06-24,_Checkmatey_,34.0
2025-06-24,rektcapital,60.0
2025-06-25,AltcoinPsycho,100.0
2025-06-25,CarpeNoctom,44.0
2025-06-25,CryptoHayes,100.0
2025-06-25,DavidDuong,100.0
2025-06-25,JSeyff,100.0
2025-06-25,TraderMercury,43.0
2025-06-25,_Checkmatey_,50.0
2025-06-25,rektcapital,58.0
2025-06-26,AltcoinPsycho,100.0
2025-06-26,CarpeNoctom,41.0
2025-06-26,CryptoHayes,100.0
2025-06-26,DavidDuong,100.0
2025-06-26,JSeyff,75.0
2025-06-26,TraderMercury,42.0
2025-06-26,_Checkmatey_,59.0
2025-06-26,rektcapital,60.0
2025-06-27,AltcoinPsycho,100.0
2025-06-27,CarpeNoctom,40.0
2025-06-27,CryptoHayes,100.0
2025-06-27,DavidDuong,100.0
2025-06-27,JSeyff,75.0
2025-06-27,TraderMercury,55.0
2025-06-27,_Checkmatey_,52.0
2025-06-27,rektcapital,63.0
2025-06-28,AltcoinPsycho,100.0
2025-06-28,CarpeNoctom,55.0
2025-06-28,CryptoHayes,100.0
2025-06-28,DavidDuong,76.0
2025-06-28,JSeyff,75.0
2025-06-28,TraderMercury,59.0
2025-06-28,_Checkmatey_,56.0
2025-06-28,rektcapital,66.0
2025-06-29,AltcoinPsycho,100.0
2025-06-29,CarpeNoctom,57.0
2025-06-29,CryptoHayes,100.0
2025-06-29,DavidDuong,76.0
2025-06-29,JSeyff,75.0
2025-06-29,TraderMercury,61.0
2025-06-29,_Checkmatey_,57.0
2025-06-29,rektcapital,71.0
2025-06-30,AltcoinPsycho,100.0
2025-06-30,CarpeNoctom,79.0
2025-06-30,CryptoHayes,100.0
2025-06-30,DavidDuong,76.0
2025-06-30,JSeyff,75.0
2025-06-30,TraderMercury,62.0
2025-06-30,_Checkmatey_,50.0
2025-06-30,rektcapital,73.0
2025-07-01,AltcoinPsycho,100.0
2025-07-01,CarpeNoctom,82.0
2025-07-01,CryptoHayes,100.0
2025-07-01,DavidDuong,84.0
2025-07-01,JSeyff,75.0
2025-07-01,TraderMercury,64.0
2025-07-01,_Checkmatey_,41.0
2025-07-01,rektcapital,69.0
2025-07-02,AltcoinPsycho,100.0
2025-07-02,CarpeNoctom,86.0
2025-07-02,CryptoHayes,100.0
2025-07-02,DavidDuong,85.0
2025-07-02,JSeyff,95.0
2025-07-02,TraderMercury,68.0
2025-07-02,_Checkmatey_,42.0
2025-07-02,rektcapital,72.0
2025-07-03,AltcoinPsycho,100.0
2025-07-03,CarpeNoctom,89.0
2025-07-03,CryptoHayes,100.0
2025-07-03,DavidDuong,93.0
2025-07-03,JSeyff,96.0
2025-07-03,TraderMercury,70.0
2025-07-03,_Checkmatey_,41.0
2025-07-03,rektcapital,76.0
2025-07-04,AltcoinPsycho,100.0
2025-07-04,CarpeNoctom,62.0
2025-07-04,CryptoHayes,100.0
2025-07-04,DavidDuong,95.0
2025-07-04,JSeyff,97.0
2025-07-04,TraderMercury,71.0
2025-07-04,_Checkmatey_,38.0
2025-07-04,rektcapital,78.0
2025-07-05,AltcoinPsycho,100.0
2025-07-05,CarpeNoctom,63.0
2025-07-05,CryptoHayes,100.0
2025-07-05,DavidDuong,96.0
2025-07-05,JSeyff,97.0
2025-07-05,TraderMercury,73.0
2025-07-05,_Checkmatey_,34.0
2025-07-05,rektcapital,67.0
2025-07-06,AltcoinPsycho,100.0
2025-07-06,CarpeNoctom,68.0
2025-07-06,CryptoHayes,100.0
2025-07-06,DavidDuong,96.0
2025-07-06,JSeyff,98.0
2025-07-06,TraderMercury,74.0
2025-07-06,_Checkmatey_,34.0
2025-07-06,rektcapital,68.0
2025-07-07,AltcoinPsycho,100.0
2025-07-07,CarpeNoctom,67.0
2025-07-07,CryptoHayes,100.0
2025-07-07,DavidDuong,97.0
2025-07-07,JSeyff,98.0
2025-07-07,TraderMercury,75.0
2025-07-07,_Checkmatey_,33.0
2025-07-07,rektcapital,70.0
2025-07-08,AltcoinPsycho,100.0
2025-07-08,CarpeNoctom,69.0
2025-07-08,CryptoHayes,100.0
2025-07-08,DavidDuong,91.0
2025-07-08,JSeyff,100.0
2025-07-08,TraderMercury,75.0
2025-07-08,_Checkmatey_,35.0
2025-07-08,rektcapital,68.0
2025-07-09,AltcoinPsycho,100.0
2025-07-09,CarpeNoctom,70.0
2025-07-09,CryptoHayes,100.0
2025-07-09,DavidDuong,90.0
2025-07-09,JSeyff,100.0
2025-07-09,TraderMercury,43.0
2025-07-09,_Checkmatey_,34.0
2025-07-09,rektcapital,71.0
2025-07-10,AltcoinPsycho,100.0
2025-07-10,CarpeNoctom,71.0
2025-07-10,CryptoHayes,100.0
2025-07-10,DavidDuong,90.0
2025-07-10,JSeyff,100.0
2025-07-10,TraderMercury,39.0
2025-07-10,_Checkmatey_,39.0
2025-07-10,rektcapital,72.0
2025-07-11,AltcoinPsycho,100.0
2025-07-11,CarpeNoctom,76.0
2025-07-11,CryptoHayes,100.0
2025-07-11,DavidDuong,92.0
2025-07-11,JSeyff,100.0
2025-07-11,TraderMercury,74.0
2025-07-11,_Checkmatey_,40.0
2025-07-11,rektcapital,77.0
2025-07-12,AltcoinPsycho,100.0
2025-07-12,CarpeNoctom,79.0
2025-07-12,CryptoHayes,100.0
2025-07-12,DavidDuong,95.0
2025-07-12,JSeyff,100.0
2025-07-12,TraderMercury,81.0
2025-07-12,_Checkmatey_,41.0
2025-07-12,rektcapital,79.0
2025-07-13,AltcoinPsycho,100.0
2025-07-13,CarpeNoctom,87.0
2025-07-13,CryptoHayes,100.0
2025-07-13,DavidDuong,95.0
2025-07-13,JSeyff,100.0
2025-07-13,TraderMercury,83.0
2025-07-13,_Checkmatey_,40.0
2025-07-13,rektcapital,80.0
2025-07-14,AltcoinPsycho,100.0
2025-07-14,CarpeNoctom,89.0
2025-07-14,CryptoHayes,100.0
2025-07-14,DavidDuong,95.0
2025-07-14,JSeyff,100.0
2025-07-14,TraderMercury,88.0
2025-07-14,_Checkmatey_,45.0
2025-07-14,rektcapital,85.0
2025-07-15,AltcoinPsycho,100.0
2025-07-15,CarpeNoctom,75.0
2025-07-15,CryptoHayes,100.0
2025-07-15,DavidDuong,96.0
2025-07-15,JSeyff,100.0
2025-07-15,TraderMercury,62.0
2025-07-15,_Checkmatey_,45.0
2025-07-15,rektcapital,87.0
2025-07-16,AltcoinPsycho,100.0
2025-07-16,CarpeNoctom,75.0
2025-07-16,CryptoHayes,100.0
2025-07-16,DavidDuong,96.0
2025-07-16,JSeyff,38.0
2025-07-16,TraderMercury,66.0
2025-07-16,_Checkmatey_,50.0
2025-07-16,rektcapital,88.0
2025-07-17,AltcoinPsycho,100.0
2025-07-17,CarpeNoctom,74.0
2025-07-17,CryptoHayes,100.0
2025-07-17,DavidDuong,96.0
2025-07-17,JSeyff,51.0
2025-07-17,TraderMercury,65.0
2025-07-17,_Checkmatey_,49.0
2025-07-17,rektcapital,90.0
2025-07-18,AltcoinPsycho,100.0
2025-07-18,CarpeNoctom,73.0
2025-07-18,CryptoHayes,100.0
2025-07-18,DavidDuong,91.0
2025-07-18,JSeyff,67.0
2025-07-18,TraderMercury,64.0
2025-07-18,_Checkmatey_,53.0
2025-07-18,rektcapital,92.0
2025-07-19,AltcoinPsycho,100.0
2025-07-19,CarpeNoctom,75.0
2025-07-19,CryptoHayes,100.0
2025-07-19,DavidDuong,94.0
2025-07-19,JSeyff,68.0
2025-07-19,TraderMercury,64.0
2025-07-19,_Checkmatey_,57.0
2025-07-19,rektcapital,93.0
2025-07-20,AltcoinPsycho,100.0
2025-07-20,CarpeNoctom,77.0
2025-07-20,CryptoHayes,100.0
2025-07-20,DavidDuong,95.0
2025-07-20,JSeyff,69.0
2025-07-20,TraderMercury,63.0
2025-07-20,_Checkmatey_,60.0
2025-07-20,rektcapital,94.0
2025-07-21,AltcoinPsycho,100.0
2025-07-21,CarpeNoctom,65.0
2025-07-21,CryptoHayes,100.0
2025-07-21,DavidDuong,97.0
2025-07-21,JSeyff,70.0
2025-07-21,TraderMercury,71.0
2025-07-21,_Checkmatey_,53.0
2025-07-21,rektcapital,94.0
2025-07-22,AltcoinPsycho,100.0
2025-07-22,CarpeNoctom,49.0
2025-07-22,CryptoHayes,100.0
2025-07-22,DavidDuong,97.0
2025-07-22,JSeyff,71.0
2025-07-22,TraderMercury,73.0
2025-07-22,_Checkmatey_,43.0
2025-07-22,rektcapital,84.0
2025-07-23,AltcoinPsycho,100.0
2025-07-23,CarpeNoctom,54.0
2025-07-23,CryptoHayes,100.0
2025-07-23,DavidDuong,97.0
2025-07-23,JSeyff,73.0
2025-07-23,TraderMercury,82.0
2025-07-23,_Checkmatey_,38.0
2025-07-23,rektcapital,82.0
2025-07-24,AltcoinPsycho,100.0
2025-07-24,CarpeNoctom,53.0
2025-07-24,CryptoHayes,100.0
2025-07-24,DavidDuong,97.0
2025-07-24,JSeyff,80.0
2025-07-24,TraderMercury,82.0
2025-07-24,_Checkmatey_,38.0
2025-07-24,rektcapital,81.0
2025-07-25,AltcoinPsycho,100.0
2025-07-25,CarpeNoctom,57.0
2025-07-25,CryptoHayes,100.0
2025-07-25,DavidDuong,68.0
2025-07-25,JSeyff,82.0
2025-07-25,TraderMercury,84.0
2025-07-25,_Checkmatey_,37.0
2025-07-25,rektcapital,81.0
2025-07-26,AltcoinPsycho,100.0
2025-07-26,CarpeNoctom,57.0
2025-07-26,CryptoHayes,100.0
2025-07-26,DavidDuong,70.0
2025-07-26,JSeyff,55.0
2025-07-26,TraderMercury,85.0
2025-07-26,_Checkmatey_,33.0
2025-07-26,rektcapital,80.0
2025-07-27,AltcoinPsycho,100.0
2025-07-27,CarpeNoctom,58.0
2025-07-27,CryptoHayes,100.0
2025-07-27,DavidDuong,68.0
2025-07-27,JSeyff,53.0
2025-07-27,TraderMercury,86.0
2025-07-27,_Checkmatey_,32.0
2025-07-27,rektcapital,79.0
2025-07-28,AltcoinPsycho,100.0
2025-07-28,CarpeNoctom,58.0
2025-07-28,CryptoHayes,100.0
2025-07-28,DavidDuong,65.0
2025-07-28,JSeyff,50.0
2025-07-28,TraderMercury,86.0
2025-07-28,_Checkmatey_,31.0
2025-07-28,rektcapital,83.0
2025-07-29,AltcoinPsycho,100.0
2025-07-29,CarpeNoctom,59.0
2025-07-29,CryptoHayes,100.0
2025-07-29,DavidDuong,63.0
2025-07-29,JSeyff,48.0
2025-07-29,TraderMercury,87.0
2025-07-29,_Checkmatey_,27.0
2025-07-29,rektcapital,84.0
2025-07-30,AltcoinPsycho,100.0
2025-07-30,CarpeNoctom,64.0
2025-07-30,CryptoHayes,100.0
2025-07-30,DavidDuong,61.0
2025-07-30,JSeyff,54.0
2025-07-30,TraderMercury,81.0
2025-07-30,_Checkmatey_,25.0
2025-07-30,rektcapital,85.0
2025-07-31,AltcoinPsycho,100.0
2025-07-31,CarpeNoctom,43.0
2025-07-31,CryptoHayes,100.0
2025-07-31,DavidDuong,59.0
2025-07-31,JSeyff,64.0
2025-07-31,TraderMercury,80.0
2025-07-31,_Checkmatey_,24.0
2025-07-31,rektcapital,85.0
2025-08-01,AltcoinPsycho,100.0
2025-08-01,CarpeNoctom,52.0
2025-08-01,CryptoHayes,100.0
2025-08-01,DavidDuong,58.0
2025-08-01,JSeyff,66.0
2025-08-01,TraderMercury,80.0
2025-08-01,_Checkmatey_,23.0
2025-08-01,rektcapital,86.0
2025-08-02,AltcoinPsycho,100.0
2025-08-02,CarpeNoctom,37.0
2025-08-02,CryptoHayes,25.0
2025-08-02,DavidDuong,57.0
2025-08-02,JSeyff,68.0
2025-08-02,TraderMercury,53.0
2025-08-02,_Checkmatey_,22.0
2025-08-02,rektcapital,66.0
2025-08-03,AltcoinPsycho,100.0
2025-08-03,CarpeNoctom,36.0
2025-08-03,CryptoHayes,25.0
2025-08-03,DavidDuong,39.0
2025-08-03,JSeyff,71.0
2025-08-03,TraderMercury,50.0
2025-08-03,_Checkmatey_,22.0
2025-08-03,rektcapital,65.0
2025-08-04,AltcoinPsycho,100.0
2025-08-04,CarpeNoctom,35.0
2025-08-04,CryptoHayes,25.0
2025-08-04,DavidDuong,36.0
2025-08-04,JSeyff,73.0
2025-08-04,TraderMercury,66.0
2025-08-04,_Checkmatey_,21.0
2025-08-04,rektcapital,63.0
2025-08-05,AltcoinPsycho,100.0
2025-08-05,CarpeNoctom,34.0
2025-08-05,CryptoHayes,25.0
2025-08-05,DavidDuong,33.0
2025-08-05,JSeyff,74.0
2025-08-05,TraderMercury,68.0
2025-08-05,_Checkmatey_,21.0
2025-08-05,rektcapital,65.0
2025-08-06,AltcoinPsycho,100.0
2025-08-06,CarpeNoctom,33.0
2025-08-06,CryptoHayes,25.0
2025-08-06,DavidDuong,31.0
2025-08-06,JSeyff,75.0
2025-08-06,TraderMercury,57.0
2025-08-06,_Checkmatey_,29.0
2025-08-06,rektcapital,65.0
2025-08-07,AltcoinPsycho,100.0
2025-08-07,CarpeNoctom,33.0
2025-08-07,CryptoHayes,25.0
2025-08-07,DavidDuong,30.0
2025-08-07,JSeyff,76.0
2025-08-07,TraderMercury,57.0
2025-08-07,_Checkmatey_,31.0
2025-08-07,rektcapital,68.0
2025-08-08,AltcoinPsycho,100.0
2025-08-08,CarpeNoctom,32.0
2025-08-08,CryptoHayes,25.0
2025-08-08,DavidDuong,29.0
2025-08-08,JSeyff,77.0
2025-08-08,TraderMercury,66.0
2025-08-08,_Checkmatey_,30.0
2025-08-08,rektcapital,82.0
2025-08-09,AltcoinPsycho,80.0
2025-08-09,CarpeNoctom,44.0
2025-08-09,CryptoHayes,25.0
2025-08-09,DavidDuong,28.0
2025-08-09,JSeyff,78.0
2025-08-09,TraderMercury,57.0
2025-08-09,_Checkmatey_,30.0
2025-08-09,rektcapital,87.0
2025-08-10,AltcoinPsycho,80.0
2025-08-10,CarpeNoctom,61.0
2025-08-10,CryptoHayes,25.0
2025-08-10,DavidDuong,27.0
2025-08-10,JSeyff,78.0
2025-08-10,TraderMercury,57.0
2025-08-10,_Checkmatey_,49.0
2025-08-10,rektcapital,89.0
2025-08-11,AltcoinPsycho,75.0
2025-08-11,CarpeNoctom,74.0
2025-08-11,CryptoHayes,25.0
2025-08-11,DavidDuong,26.0
2025-08-11,JSeyff,78.0
2025-08-11,TraderMercury,56.0
2025-08-11,_Checkmatey_,51.0
2025-08-11,rektcapital,91.0
2025-08-12,AltcoinPsycho,75.0
2025-08-12,CarpeNoctom,83.0
2025-08-12,CryptoHayes,25.0
2025-08-12,DavidDuong,26.0
2025-08-12,JSeyff,30.0
2025-08-12,TraderMercury,56.0
2025-08-12,_Checkmatey_,53.0
2025-08-12,rektcapital,93.0
2025-08-13,AltcoinPsycho,88.0
2025-08-13,CarpeNoctom,86.0
2025-08-13,CryptoHayes,25.0
2025-08-13,DavidDuong,26.0
2025-08-13,JSeyff,29.0
2025-08-13,TraderMercury,75.0
2025-08-13,_Checkmatey_,49.0
2025-08-13,rektcapital,94.0
2025-08-14,AltcoinPsycho,90.0
2025-08-14,CarpeNoctom,89.0
2025-08-14,CryptoHayes,25.0
2025-08-14,DavidDuong,26.0
2025-08-14,JSeyff,27.0
2025-08-14,TraderMercury,78.0
2025-08-14,_Checkmatey_,55.0
2025-08-14,rektcapital,97.0
2025-08-15,AltcoinPsycho,90.0
2025-08-15,CarpeNoctom,91.0
2025-08-15,CryptoHayes,25.0
2025-08-15,DavidDuong,25.0
2025-08-15,JSeyff,27.0
2025-08-15,TraderMercury,66.0
2025-08-15,_Checkmatey_,53.0
2025-08-15,rektcapital,97.0
2025-08-16,AltcoinPsycho,90.0
2025-08-16,CarpeNoctom,92.0
2025-08-16,CryptoHayes,25.0
2025-08-16,DavidDuong,25.0
2025-08-16,JSeyff,26.0
2025-08-16,TraderMercury,65.0
2025-08-16,_Checkmatey_,53.0
2025-08-16,rektcapital,98.0
2025-08-17,AltcoinPsycho,90.0
2025-08-17,CarpeNoctom,60.0
2025-08-17,CryptoHayes,25.0
2025-08-17,DavidDuong,25.0
2025-08-17,JSeyff,26.0
2025-08-17,TraderMercury,65.0
2025-08-17,_Checkmatey_,53.0
2025-08-17,rektcapital,85.0
2025-08-18,AltcoinPsycho,90.0
2025-08-18,CarpeNoctom,56.0
2025-08-18,CryptoHayes,25.0
2025-08-18,DavidDuong,25.0
2025-08-18,JSeyff,26.0
2025-08-18,TraderMercury,64.0
2025-08-18,_Checkmatey_,53.0
2025-08-18,rektcapital,74.0
2025-08-19,AltcoinPsycho,90.0
2025-08-19,CarpeNoctom,52.0
2025-08-19,CryptoHayes,25.0
2025-08-19,DavidDuong,25.0
2025-08-19,JSeyff,25.0
2025-08-19,TraderMercury,63.0
2025-08-19,_Checkmatey_,40.0
2025-08-19,rektcapital,72.0
2025-08-20,AltcoinPsycho,91.0
2025-08-20,CarpeNoctom,48.0
2025-08-20,CryptoHayes,25.0
2025-08-20,DavidDuong,75.0
2025-08-20,JSeyff,25.0
2025-08-20,TraderMercury,62.0
2025-08-20,_Checkmatey_,40.0
2025-08-20,rektcapital,68.0
2025-08-21,AltcoinPsycho,83.0
2025-08-21,CarpeNoctom,45.0
2025-08-21,CryptoHayes,25.0
2025-08-21,DavidDuong,75.0
2025-08-21,JSeyff,25.0
2025-08-21,TraderMercury,61.0
2025-08-21,_Checkmatey_,38.0
2025-08-21,rektcapital,51.0
2025-08-22,AltcoinPsycho,83.0
2025-08-22,CarpeNoctom,21.0
2025-08-22,CryptoHayes,25.0
2025-08-22,DavidDuong,75.0
2025-08-22,JSeyff,25.0
2025-08-22,TraderMercury,60.0
2025-08-22,_Checkmatey_,38.0
2025-08-22,rektcapital,50.0
2025-08-23,AltcoinPsycho,91.0
2025-08-23,CarpeNoctom,21.0
2025-08-23,CryptoHayes,25.0
2025-08-23,DavidDuong,75.0
2025-08-23,JSeyff,65.0
2025-08-23,TraderMercury,59.0
2025-08-23,_Checkmatey_,37.0
2025-08-23,rektcapital,48.0
2025-08-24,AltcoinPsycho,91.0
2025-08-24,CarpeNoctom,21.0
2025-08-24,CryptoHayes,25.0
2025-08-24,DavidDuong,75.0
2025-08-24,JSeyff,68.0
2025-08-24,TraderMercury,57.0
2025-08-24,_Checkmatey_,40.0
2025-08-24,rektcapital,47.0
2025-08-25,AltcoinPsycho,75.0
2025-08-25,CarpeNoctom,21.0
2025-08-25,CryptoHayes,25.0
2025-08-25,DavidDuong,75.0
2025-08-25,JSeyff,85.0
2025-08-25,TraderMercury,56.0
2025-08-25,_Checkmatey_,40.0
2025-08-25,rektcapital,38.0
2025-08-26,AltcoinPsycho,75.0
2025-08-26,CarpeNoctom,21.0
2025-08-26,CryptoHayes,25.0
2025-08-26,DavidDuong,75.0
2025-08-26,JSeyff,87.0
2025-08-26,TraderMercury,93.0
2025-08-26,_Checkmatey_,37.0
2025-08-26,rektcapital,38.0
2025-08-27,AltcoinPsycho,75.0
2025-08-27,CarpeNoctom,20.0
2025-08-27,CryptoHayes,25.0
2025-08-27,DavidDuong,75.0
2025-08-27,JSeyff,88.0
2025-08-27,TraderMercury,46.0
2025-08-27,_Checkmatey_,52.0
2025-08-27,rektcapital,36.0
2025-08-28,AltcoinPsycho,48.0
2025-08-28,CarpeNoctom,34.0
2025-08-28,CryptoHayes,25.0
2025-08-28,DavidDuong,75.0
2025-08-28,JSeyff,89.0
2025-08-28,TraderMercury,45.0
2025-08-28,_Checkmatey_,55.0
2025-08-28,rektcapital,47.0
2025-08-29,AltcoinPsycho,47.0
2025-08-29,CarpeNoctom,35.0
2025-08-29,CryptoHayes,25.0
2025-08-29,DavidDuong,75.0
2025-08-29,JSeyff,90.0
2025-08-29,TraderMercury,44.0
2025-08-29,_Checkmatey_,57.0
2025-08-29,rektcapital,49.0
2025-08-30,AltcoinPsycho,45.0
2025-08-30,CarpeNoctom,29.0
2025-08-30,CryptoHayes,25.0
2025-08-30,DavidDuong,75.0
2025-08-30,JSeyff,95.0
2025-08-30,TraderMercury,26.0
2025-08-30,_Checkmatey_,62.0
2025-08-30,rektcapital,51.0
2025-08-31,AltcoinPsycho,44.0
2025-08-31,CarpeNoctom,25.0
2025-08-31,CryptoHayes,25.0
2025-08-31,DavidDuong,75.0
2025-08-31,JSeyff,96.0
2025-08-31,TraderMercury,24.0
2025-08-31,_Checkmatey_,61.0
2025-08-31,rektcapital,57.0
2025-09-01,AltcoinPsycho,43.0
2025-09-01,CarpeNoctom,24.0
2025-09-01,CryptoHayes,0.0
2025-09-01,DavidDuong,75.0
2025-09-01,JSeyff,97.0
2025-09-01,TraderMercury,10.0
2025-09-01,_Checkmatey_,68.0
2025-09-01,rektcapital,60.0
2025-09-02,AltcoinPsycho,41.0
2025-09-02,CarpeNoctom,24.0
2025-09-02,CryptoHayes,
2025-09-02,DavidDuong,75.0
2025-09-02,JSeyff,97.0
2025-09-02,TraderMercury,9.0
2025-09-02,_Checkmatey_,46.0
2025-09-02,rektcapital,63.0
2025-09-03,AltcoinPsycho,40.0
2025-09-03,CarpeNoctom,23.0
2025-09-03,CryptoHayes,
2025-09-03,DavidDuong,75.0
2025-09-03,JSeyff,98.0
2025-09-03,TraderMercury,8.0
2025-09-03,_Checkmatey_,43.0
2025-09-03,rektcapital,60.0
2025-09-04,AltcoinPsycho,39.0
2025-09-04,CarpeNoctom,22.0
2025-09-04,CryptoHayes,
2025-09-04,DavidDuong,75.0
2025-09-04,JSeyff,98.0
2025-09-04,TraderMercury,7.0
2025-09-04,_Checkmatey_,41.0
2025-09-04,rektcapital,60.0
2025-09-05,AltcoinPsycho,38.0
2025-09-05,CarpeNoctom,22.0
2025-09-05,CryptoHayes,
2025-09-05,DavidDuong,100.0
2025-09-05,JSeyff,99.0
2025-09-05,TraderMercury,7.0
2025-09-05,_Checkmatey_,40.0
2025-09-05,rektcapital,67.0
2025-09-06,AltcoinPsycho,36.0
2025-09-06,CarpeNoctom,44.0
2025-09-06,CryptoHayes,
2025-09-06,DavidDuong,100.0
2025-09-06,JSeyff,99.0
2025-09-06,TraderMercury,24.0
2025-09-06,_Checkmatey_,39.0
2025-09-06,rektcapital,68.0
2025-09-07,AltcoinPsycho,35.0
2025-09-07,CarpeNoctom,53.0
2025-09-07,CryptoHayes,
2025-09-07,DavidDuong,100.0
2025-09-07,JSeyff,99.0
2025-09-07,TraderMercury,28.0
2025-09-07,_Checkmatey_,37.0
2025-09-07,rektcapital,68.0
2025-09-08,AltcoinPsycho,34.0
2025-09-08,CarpeNoctom,57.0
2025-09-08,CryptoHayes,
2025-09-08,DavidDuong,100.0
2025-09-08,JSeyff,99.0
2025-09-08,TraderMercury,31.0
2025-09-08,_Checkmatey_,36.0
2025-09-08,rektcapital,70.0
2025-09-09,AltcoinPsycho,34.0
2025-09-09,CarpeNoctom,61.0
2025-09-09,CryptoHayes,
2025-09-09,DavidDuong,100.0
2025-09-09,JSeyff,99.0
2025-09-09,TraderMercury,35.0
2025-09-09,_Checkmatey_,35.0
2025-09-09,rektcapital,70.0
2025-09-10,AltcoinPsycho,33.0
2025-09-10,CarpeNoctom,65.0
2025-09-10,CryptoHayes,
2025-09-10,DavidDuong,100.0
2025-09-10,JSeyff,100.0
2025-09-10,TraderMercury,60.0
2025-09-10,_Checkmatey_,35.0
2025-09-10,rektcapital,47.0
2025-09-11,AltcoinPsycho,32.0
2025-09-11,CarpeNoctom,68.0
2025-09-11,CryptoHayes,
2025-09-11,DavidDuong,100.0
2025-09-11,JSeyff,100.0
2025-09-11,TraderMercury,76.0
2025-09-11,_Checkmatey_,34.0
2025-09-11,rektcapital,50.0
2025-09-12,AltcoinPsycho,31.0
2025-09-12,CarpeNoctom,71.0
2025-09-12,CryptoHayes,
2025-09-12,DavidDuong,100.0
2025-09-12,JSeyff,100.0
2025-09-12,TraderMercury,82.0
2025-09-12,_Checkmatey_,34.0
2025-09-12,rektcapital,64.0
2025-09-13,AltcoinPsycho,31.0
2025-09-13,CarpeNoctom,73.0
2025-09-13,CryptoHayes,
2025-09-13,DavidDuong,100.0
2025-09-13,JSeyff,100.0
2025-09-13,TraderMercury,87.0
2025-09-13,_Checkmatey_,46.0
2025-09-13,rektcapital,67.0
2025-09-14,AltcoinPsycho,30.0
2025-09-14,CarpeNoctom,87.0
2025-09-14,CryptoHayes,
2025-09-14,DavidDuong,100.0
2025-09-14,JSeyff,100.0
2025-09-14,TraderMercury,90.0
2025-09-14,_Checkmatey_,49.0
2025-09-14,rektcapital,73.0
2025-09-15,AltcoinPsycho,30.0
2025-09-15,CarpeNoctom,94.0
2025-09-15,CryptoHayes,
2025-09-15,DavidDuong,100.0
2025-09-15,JSeyff,100.0
2025-09-15,TraderMercury,93.0
2025-09-15,_Checkmatey_,53.0
2025-09-15,rektcapital,81.0
2025-09-16,AltcoinPsycho,29.0
2025-09-16,CarpeNoctom,95.0
2025-09-16,CryptoHayes,100.0
2025-09-16,DavidDuong,100.0
2025-09-16,JSeyff,100.0
2025-09-16,TraderMercury,95.0
2025-09-16,_Checkmatey_,48.0
2025-09-16,rektcapital,85.0
2025-09-17,AltcoinPsycho,29.0
2025-09-17,CarpeNoctom,97.0
2025-09-17,CryptoHayes,100.0
2025-09-17,DavidDuong,100.0
2025-09-17,JSeyff,100.0
2025-09-17,TraderMercury,96.0
2025-09-17,_Checkmatey_,49.0
2025-09-17,rektcapital,87.0
2025-09-18,AltcoinPsycho,28.0
2025-09-18,CarpeNoctom,98.0
2025-09-18,CryptoHayes,100.0
2025-09-18,DavidDuong,100.0
2025-09-18,JSeyff,100.0
2025-09-18,TraderMercury,98.0
2025-09-18,_Checkmatey_,49.0
2025-09-18,rektcapital,89.0
2025-09-19,AltcoinPsycho,28.0
2025-09-19,CarpeNoctom,98.0
2025-09-19,CryptoHayes,100.0
2025-09-19,DavidDuong,100.0
2025-09-19,JSeyff,75.0
2025-09-19,TraderMercury,98.0
2025-09-19,_Checkmatey_,49.0
2025-09-19,rektcapital,92.0
2025-09-20,AltcoinPsycho,28.0
2025-09-20,CarpeNoctom,99.0
2025-09-20,CryptoHayes,100.0
2025-09-20,DavidDuong,100.0
2025-09-20,JSeyff,75.0
2025-09-20,TraderMercury,99.0
2025-09-20,_Checkmatey_,49.0
2025-09-20,rektcapital,93.0
2025-09-21,AltcoinPsycho,27.0
2025-09-21,CarpeNoctom,64.0
2025-09-21,CryptoHayes,100.0
2025-09-21,DavidDuong,100.0
2025-09-21,JSeyff,75.0
2025-09-21,TraderMercury,99.0
2025-09-21,_Checkmatey_,48.0
2025-09-21,rektcapital,93.0
2025-09-22,AltcoinPsycho,27.0
2025-09-22,CarpeNoctom,41.0
2025-09-22,CryptoHayes,100.0
2025-09-22,DavidDuong,100.0
2025-09-22,JSeyff,75.0
2025-09-22,TraderMercury,99.0
2025-09-22,_Checkmatey_,48.0
2025-09-22,rektcapital,94.0
2025-09-23,AltcoinPsycho,27.0
2025-09-23,CarpeNoctom,39.0
2025-09-23,CryptoHayes,100.0
2025-09-23,DavidDuong,100.0
2025-09-23,JSeyff,50.0
2025-09-23,TraderMercury,100.0
2025-09-23,_Checkmatey_,79.0
2025-09-23,rektcapital,95.0
2025-09-24,AltcoinPsycho,25.0
2025-09-24,CarpeNoctom,44.0
2025-09-24,CryptoHayes,100.0
2025-09-24,DavidDuong,100.0
2025-09-24,JSeyff,49.0
2025-09-24,TraderMercury,32.0
2025-09-24,_Checkmatey_,66.0
2025-09-24,rektcapital,77.0
2025-09-25,AltcoinPsycho,75.0
2025-09-25,CarpeNoctom,44.0
2025-09-25,CryptoHayes,100.0
2025-09-25,DavidDuong,100.0
2025-09-25,JSeyff,49.0
2025-09-25,TraderMercury,48.0
2025-09-25,_Checkmatey_,57.0
2025-09-25,rektcapital,67.0
2025-09-26,AltcoinPsycho,75.0
2025-09-26,CarpeNoctom,43.0
2025-09-26,CryptoHayes,100.0
2025-09-26,DavidDuong,100.0
2025-09-26,JSeyff,48.0
2025-09-26,TraderMercury,53.0
2025-09-26,_Checkmatey_,55.0
2025-09-26,rektcapital,53.0
2025-09-27,AltcoinPsycho,75.0
2025-09-27,CarpeNoctom,43.0
2025-09-27,CryptoHayes,100.0
2025-09-27,DavidDuong,100.0
2025-09-27,JSeyff,48.0
2025-09-27,TraderMercury,53.0
2025-09-27,_Checkmatey_,60.0
2025-09-27,rektcapital,51.0
2025-09-28,AltcoinPsycho,75.0
2025-09-28,CarpeNoctom,43.0
2025-09-28,CryptoHayes,100.0
2025-09-28,DavidDuong,17.0
2025-09-28,JSeyff,47.0
2025-09-28,TraderMercury,54.0
2025-09-28,_Checkmatey_,64.0
2025-09-28,rektcapital,48.0
2025-09-29,AltcoinPsycho,75.0
2025-09-29,CarpeNoctom,24.0
2025-09-29,CryptoHayes,100.0
2025-09-29,DavidDuong,12.0
2025-09-29,JSeyff,47.0
2025-09-29,TraderMercury,55.0
2025-09-29,_Checkmatey_,54.0
2025-09-29,rektcapital,47.0
2025-09-30,AltcoinPsycho,75.0
2025-09-30,CarpeNoctom,21.0
2025-09-30,CryptoHayes,100.0
2025-09-30,DavidDuong,9.0
2025-09-30,JSeyff,47.0
2025-09-30,TraderMercury,64.0
2025-09-30,_Checkmatey_,61.0
2025-09-30,rektcapital,51.0
2025-10-01,AltcoinPsycho,75.0
2025-10-01,CarpeNoctom,18.0
2025-10-01,CryptoHayes,100.0
2025-10-01,DavidDuong,6.0
2025-10-01,JSeyff,46.0
2025-10-01,TraderMercury,65.0
2025-10-01,_Checkmatey_,62.0
2025-10-01,rektcapital,51.0
2025-10-02,AltcoinPsycho,75.0
2025-10-02,CarpeNoctom,42.0
2025-10-02,CryptoHayes,100.0
2025-10-02,DavidDuong,4.0
2025-10-02,JSeyff,46.0
2025-10-02,TraderMercury,66.0
2025-10-02,_Checkmatey_,56.0
2025-10-02,rektcapital,57.0
2025-10-03,AltcoinPsycho,75.0
2025-10-03,CarpeNoctom,60.0
2025-10-03,CryptoHayes,100.0
2025-10-03,DavidDuong,3.0
2025-10-03,JSeyff,46.0
2025-10-03,TraderMercury,67.0
2025-10-03,_Checkmatey_,46.0
2025-10-03,rektcapital,76.0
2025-10-04,AltcoinPsycho,75.0
2025-10-04,CarpeNoctom,72.0
2025-10-04,CryptoHayes,100.0
2025-10-04,DavidDuong,50.0
2025-10-04,JSeyff,46.0
2025-10-04,TraderMercury,68.0
2025-10-04,_Checkmatey_,45.0
2025-10-04,rektcapital,83.0
2025-10-05,AltcoinPsycho,75.0
2025-10-05,CarpeNoctom,86.0
2025-10-05,CryptoHayes,100.0
2025-10-05,DavidDuong,53.0
2025-10-05,JSeyff,46.0
2025-10-05,TraderMercury,69.0
2025-10-05,_Checkmatey_,45.0
2025-10-05,rektcapital,63.0
2025-10-06,AltcoinPsycho,75.0
2025-10-06,CarpeNoctom,89.0
2025-10-06,CryptoHayes,75.0
2025-10-06,DavidDuong,54.0
2025-10-06,JSeyff,45.0
2025-10-06,TraderMercury,69.0
2025-10-06,_Checkmatey_,44.0
2025-10-06,rektcapital,64.0
2025-10-07,AltcoinPsycho,75.0
2025-10-07,CarpeNoctom,91.0
2025-10-07,CryptoHayes,75.0
2025-10-07,DavidDuong,56.0
2025-10-07,JSeyff,64.0
2025-10-07,TraderMercury,70.0
2025-10-07,_Checkmatey_,38.0
2025-10-07,rektcapital,66.0
2025-10-08,AltcoinPsycho,75.0
2025-10-08,CarpeNoctom,94.0
2025-10-08,CryptoHayes,75.0
2025-10-08,DavidDuong,57.0
2025-10-08,JSeyff,65.0
2025-10-08,TraderMercury,72.0
2025-10-08,_Checkmatey_,36.0
2025-10-08,rektcapital,66.0
2025-10-09,AltcoinPsycho,75.0
2025-10-09,CarpeNoctom,96.0
2025-10-09,CryptoHayes,84.0
2025-10-09,DavidDuong,58.0
2025-10-09,JSeyff,67.0
2025-10-09,TraderMercury,73.0
2025-10-09,_Checkmatey_,34.0
2025-10-09,rektcapital,66.0
2025-10-10,AltcoinPsycho,75.0
2025-10-10,CarpeNoctom,97.0
2025-10-10,CryptoHayes,84.0
2025-10-10,DavidDuong,79.0
2025-10-10,JSeyff,67.0
2025-10-10,TraderMercury,81.0
2025-10-10,_Checkmatey_,33.0
2025-10-10,rektcapital,59.0
2025-10-11,AltcoinPsycho,75.0
2025-10-11,CarpeNoctom,69.0
2025-10-11,CryptoHayes,85.0
2025-10-11,DavidDuong,82.0
2025-10-11,JSeyff,68.0
2025-10-11,TraderMercury,80.0
2025-10-11,_Checkmatey_,36.0
2025-10-11,rektcapital,58.0
2025-10-12,AltcoinPsycho,75.0
2025-10-12,CarpeNoctom,63.0
2025-10-12,CryptoHayes,85.0
2025-10-12,DavidDuong,85.0
2025-10-12,JSeyff,69.0
2025-10-12,TraderMercury,80.0
2025-10-12,_Checkmatey_,37.0
2025-10-12,rektcapital,57.0
2025-10-13,AltcoinPsycho,75.0
2025-10-13,CarpeNoctom,60.0
2025-10-13,CryptoHayes,91.0
2025-10-13,DavidDuong,87.0
2025-10-13,JSeyff,69.0
2025-10-13,TraderMercury,84.0
2025-10-13,_Checkmatey_,35.0
2025-10-13,rektcapital,47.0
2025-10-14,AltcoinPsycho,75.0
2025-10-14,CarpeNoctom,58.0
2025-10-14,CryptoHayes,94.0
2025-10-14,DavidDuong,89.0
2025-10-14,JSeyff,70.0
2025-10-14,TraderMercury,84.0
2025-10-14,_Checkmatey_,32.0
2025-10-14,rektcapital,44.0
2025-10-15,AltcoinPsycho,75.0
2025-10-15,CarpeNoctom,56.0
2025-10-15,CryptoHayes,95.0
2025-10-15,DavidDuong,91.0
2025-10-15,JSeyff,70.0
2025-10-15,TraderMercury,84.0
2025-10-15,_Checkmatey_,30.0
2025-10-15,rektcapital,42.0
2025-10-16,AltcoinPsycho,75.0
2025-10-16,CarpeNoctom,47.0
2025-10-16,CryptoHayes,96.0
2025-10-16,DavidDuong,93.0
2025-10-16,JSeyff,71.0
2025-10-16,TraderMercury,85.0
2025-10-16,_Checkmatey_,30.0
2025-10-16,rektcapital,36.0
2025-10-17,AltcoinPsycho,75.0
2025-10-17,CarpeNoctom,44.0
2025-10-17,CryptoHayes,90.0
2025-10-17,DavidDuong,94.0
2025-10-17,JSeyff,71.0
2025-10-17,TraderMercury,67.0
2025-10-17,_Checkmatey_,31.0
2025-10-17,rektcapital,35.0
2025-10-18,AltcoinPsycho,75.0
2025-10-18,CarpeNoctom,43.0
2025-10-18,CryptoHayes,89.0
2025-10-18,DavidDuong,95.0
2025-10-18,JSeyff,72.0
2025-10-18,TraderMercury,64.0
2025-10-18,_Checkmatey_,32.0
2025-10-18,rektcapital,25.0
2025-10-19,AltcoinPsycho,75.0
2025-10-19,CarpeNoctom,34.0
2025-10-19,CryptoHayes,89.0
2025-10-19,DavidDuong,96.0
2025-10-19,JSeyff,72.0
2025-10-19,TraderMercury,61.0
2025-10-19,_Checkmatey_,32.0
2025-10-19,rektcapital,33.0
2025-10-20,AltcoinPsycho,75.0
2025-10-20,CarpeNoctom,33.0
2025-10-20,CryptoHayes,88.0
2025-10-20,DavidDuong,97.0
2025-10-20,JSeyff,73.0
2025-10-20,TraderMercury,58.0
2025-10-20,_Checkmatey_,33.0
2025-10-20,rektcapital,40.0
2025-10-21,AltcoinPsycho,75.0
2025-10-21,CarpeNoctom,31.0
2025-10-21,CryptoHayes,87.0
2025-10-21,DavidDuong,98.0
2025-10-21,JSeyff,73.0
2025-10-21,TraderMercury,63.0
2025-10-21,_Checkmatey_,33.0
2025-10-21,rektcapital,45.0
2025-10-22,AltcoinPsycho,75.0
2025-10-22,CarpeNoctom,41.0
2025-10-22,CryptoHayes,93.0
2025-10-22,DavidDuong,59.0
2025-10-22,JSeyff,73.0
2025-10-22,TraderMercury,62.0
2025-10-22,_Checkmatey_,27.0
2025-10-22,rektcapital,51.0
2025-10-23,AltcoinPsycho,75.0
2025-10-23,CarpeNoctom,26.0
2025-10-23,CryptoHayes,93.0
2025-10-23,DavidDuong,59.0
2025-10-23,JSeyff,74.0
2025-10-23,TraderMercury,62.0
2025-10-23,_Checkmatey_,25.0
2025-10-23,rektcapital,55.0
2025-10-24,AltcoinPsycho,75.0
2025-10-24,CarpeNoctom,20.0
2025-10-24,CryptoHayes,94.0
2025-10-24,DavidDuong,63.0
2025-10-24,JSeyff,74.0
2025-10-24,TraderMercury,62.0
2025-10-24,_Checkmatey_,22.0
2025-10-24,rektcapital,59.0
2025-10-25,AltcoinPsycho,75.0
2025-10-25,CarpeNoctom,25.0
2025-10-25,CryptoHayes,94.0
2025-10-25,DavidDuong,55.0
2025-10-25,JSeyff,74.0
2025-10-25,TraderMercury,63.0
2025-10-25,_Checkmatey_,19.0
2025-10-25,rektcapital,65.0
2025-10-26,AltcoinPsycho,75.0
2025-10-26,CarpeNoctom,25.0
2025-10-26,CryptoHayes,95.0
2025-10-26,DavidDuong,54.0
2025-10-26,JSeyff,75.0
2025-10-26,TraderMercury,63.0
2025-10-26,_Checkmatey_,20.0
2025-10-26,rektcapital,70.0
2025-10-27,AltcoinPsycho,75.0
2025-10-27,CarpeNoctom,24.0
2025-10-27,CryptoHayes,96.0
2025-10-27,DavidDuong,54.0
2025-10-27,JSeyff,75.0
2025-10-27,TraderMercury,64.0
2025-10-27,_Checkmatey_,19.0
2025-10-27,rektcapital,75.0
2025-10-28,AltcoinPsycho,38.0
2025-10-28,CarpeNoctom,24.0
2025-10-28,CryptoHayes,96.0
2025-10-28,DavidDuong,65.0
2025-10-28,JSeyff,75.0
2025-10-28,TraderMercury,65.0
2025-10-28,_Checkmatey_,22.0
2025-10-28,rektcapital,79.0
2025-10-29,AltcoinPsycho,33.0
2025-10-29,CarpeNoctom,32.0
2025-10-29,CryptoHayes,97.0
2025-10-29,DavidDuong,66.0
2025-10-29,JSeyff,75.0
2025-10-29,TraderMercury,66.0
2025-10-29,_Checkmatey_,22.0
2025-10-29,rektcapital,81.0
2025-10-30,AltcoinPsycho,36.0
2025-10-30,CarpeNoctom,34.0
2025-10-30,CryptoHayes,97.0
2025-10-30,DavidDuong,68.0
2025-10-30,JSeyff,76.0
2025-10-30,TraderMercury,67.0
2025-10-30,_Checkmatey_,22.0
2025-10-30,rektcapital,82.0
2025-10-31,AltcoinPsycho,36.0
2025-10-31,CarpeNoctom,47.0
2025-10-31,CryptoHayes,98.0
2025-10-31,DavidDuong,71.0
2025-10-31,JSeyff,76.0
2025-10-31,TraderMercury,68.0
2025-10-31,_Checkmatey_,25.0
2025-10-31,rektcapital,83.0
2025-11-01,AltcoinPsycho,36.0
2025-11-01,CarpeNoctom,56.0
2025-11-01,CryptoHayes,98.0
2025-11-01,DavidDuong,72.0
2025-11-01,JSeyff,76.0
2025-11-01,TraderMercury,69.0
2025-11-01,_Checkmatey_,26.0
2025-11-01,rektcapital,84.0
2025-11-02,AltcoinPsycho,44.0
2025-11-02,CarpeNoctom,67.0
2025-11-02,CryptoHayes,98.0
2025-11-02,DavidDuong,74.0
2025-11-02,JSeyff,76.0
2025-11-02,TraderMercury,70.0
2025-11-02,_Checkmatey_,29.0
2025-11-02,rektcapital,86.0
2025-11-03,AltcoinPsycho,29.0
2025-11-03,CarpeNoctom,72.0
2025-11-03,CryptoHayes,99.0
2025-11-03,DavidDuong,75.0
2025-11-03,JSeyff,76.0
2025-11-03,TraderMercury,2.0
2025-11-03,_Checkmatey_,33.0
2025-11-03,rektcapital,67.0
2025-11-04,AltcoinPsycho,100.0
2025-11-04,CarpeNoctom,75.0
2025-11-04,CryptoHayes,99.0
2025-11-04,DavidDuong,75.0
2025-11-04,JSeyff,76.0
2025-11-04,TraderMercury,1.0
2025-11-04,_Checkmatey_,33.0
2025-11-04,rektcapital,46.0
2025-11-05,AltcoinPsycho,100.0
2025-11-05,CarpeNoctom,82.0
2025-11-05,CryptoHayes,100.0
2025-11-05,DavidDuong,76.0
2025-11-05,JSeyff,79.0
2025-11-05,TraderMercury,48.0
2025-11-05,_Checkmatey_,31.0
2025-11-05,rektcapital,42.0
2025-11-06,AltcoinPsycho,100.0
2025-11-06,CarpeNoctom,85.0
2025-11-06,CryptoHayes,100.0
2025-11-06,DavidDuong,57.0
2025-11-06,JSeyff,75.0
2025-11-06,TraderMercury,59.0
2025-11-06,_Checkmatey_,31.0
2025-11-06,rektcapital,37.0
2025-11-07,AltcoinPsycho,100.0
2025-11-07,CarpeNoctom,86.0
2025-11-07,CryptoHayes,100.0
2025-11-07,DavidDuong,54.0
2025-11-07,JSeyff,75.0
2025-11-07,TraderMercury,50.0
2025-11-07,_Checkmatey_,32.0
2025-11-07,rektcapital,39.0
2025-11-08,AltcoinPsycho,100.0
2025-11-08,CarpeNoctom,89.0
2025-11-08,CryptoHayes,100.0
2025-11-08,DavidDuong,52.0
2025-11-08,JSeyff,0.0
2025-11-08,TraderMercury,50.0
2025-11-08,_Checkmatey_,32.0
2025-11-08,rektcapital,35.0
2025-11-09,AltcoinPsycho,100.0
2025-11-09,CarpeNoctom,67.0
2025-11-09,CryptoHayes,100.0
2025-11-09,DavidDuong,49.0
2025-11-09,JSeyff,0.0
2025-11-09,TraderMercury,51.0
2025-11-09,_Checkmatey_,32.0
2025-11-09,rektcapital,34.0
2025-11-10,AltcoinPsycho,100.0
2025-11-10,CarpeNoctom,66.0
2025-11-10,CryptoHayes,100.0
2025-11-10,DavidDuong,47.0
2025-11-10,JSeyff,0.0
2025-11-10,TraderMercury,51.0
2025-11-10,_Checkmatey_,36.0
2025-11-10,rektcapital,47.0
2025-11-11,AltcoinPsycho,100.0
2025-11-11,CarpeNoctom,70.0
2025-11-11,CryptoHayes,100.0
2025-11-11,DavidDuong,45.0
2025-11-11,JSeyff,0.0
2025-11-11,TraderMercury,66.0
2025-11-11,_Checkmatey_,36.0
2025-11-11,rektcapital,48.0
2025-11-12,AltcoinPsycho,100.0
2025-11-12,CarpeNoctom,70.0
2025-11-12,CryptoHayes,100.0
2025-11-12,DavidDuong,43.0
2025-11-12,JSeyff,0.0
2025-11-12,TraderMercury,68.0
2025-11-12,_Checkmatey_,37.0
2025-11-12,rektcapital,50.0
2025-11-13,AltcoinPsycho,100.0
2025-11-13,CarpeNoctom,72.0
2025-11-13,CryptoHayes,100.0
2025-11-13,DavidDuong,41.0
2025-11-13,JSeyff,0.0
2025-11-13,TraderMercury,71.0
2025-11-13,_Checkmatey_,44.0
2025-11-13,rektcapital,51.0
2025-11-14,AltcoinPsycho,100.0
2025-11-14,CarpeNoctom,73.0
2025-11-14,CryptoHayes,100.0
2025-11-14,DavidDuong,40.0
2025-11-14,JSeyff,0.0
2025-11-14,TraderMercury,73.0
2025-11-14,_Checkmatey_,53.0
2025-11-14,rektcapital,58.0
2025-11-15,AltcoinPsycho,100.0
2025-11-15,CarpeNoctom,59.0
2025-11-15,CryptoHayes,100.0
2025-11-15,DavidDuong,67.0
2025-11-15,JSeyff,0.0
2025-11-15,TraderMercury,42.0
2025-11-15,_Checkmatey_,58.0
2025-11-15,rektcapital,60.0
2025-11-16,AltcoinPsycho,100.0
2025-11-16,CarpeNoctom,56.0
2025-11-16,CryptoHayes,100.0
2025-11-16,DavidDuong,69.0
2025-11-16,JSeyff,0.0
2025-11-16,TraderMercury,43.0
2025-11-16,_Checkmatey_,64.0
2025-11-16,rektcapital,69.0
2025-11-17,AltcoinPsycho,100.0
2025-11-17,CarpeNoctom,56.0
2025-11-17,CryptoHayes,100.0
2025-11-17,DavidDuong,71.0
2025-11-17,JSeyff,
2025-11-17,TraderMercury,42.0
2025-11-17,_Checkmatey_,60.0
2025-11-17,rektcapital,38.0
2025-11-18,AltcoinPsycho,100.0
2025-11-18,CarpeNoctom,55.0
2025-11-18,CryptoHayes,100.0
2025-11-18,DavidDuong,72.0
2025-11-18,JSeyff,
2025-11-18,TraderMercury,34.0
2025-11-18,_Checkmatey_,55.0
2025-11-18,rektcapital,42.0
2025-11-19,AltcoinPsycho,100.0
2025-11-19,CarpeNoctom,60.0
2025-11-19,CryptoHayes,100.0
2025-11-19,DavidDuong,73.0
2025-11-19,JSeyff,100.0
2025-11-19,TraderMercury,33.0
2025-11-19,_Checkmatey_,54.0
2025-11-19,rektcapital,46.0
2025-11-20,AltcoinPsycho,100.0
2025-11-20,CarpeNoctom,60.0
2025-11-20,CryptoHayes,100.0
2025-11-20,DavidDuong,73.0
2025-11-20,JSeyff,100.0
2025-11-20,TraderMercury,33.0
2025-11-20,_Checkmatey_,55.0
2025-11-20,rektcapital,50.0
2025-11-21,AltcoinPsycho,79.0
2025-11-21,CarpeNoctom,65.0
2025-11-21,CryptoHayes,83.0
2025-11-21,DavidDuong,74.0
2025-11-21,JSeyff,100.0
2025-11-21,TraderMercury,32.0
2025-11-21,_Checkmatey_,54.0
2025-11-21,rektcapital,37.0
2025-11-22,AltcoinPsycho,79.0
2025-11-22,CarpeNoctom,75.0
2025-11-22,CryptoHayes,81.0
2025-11-22,DavidDuong,74.0
2025-11-22,JSeyff,100.0
2025-11-22,TraderMercury,31.0
2025-11-22,_Checkmatey_,37.0
2025-11-22,rektcapital,37.0
2025-11-23,AltcoinPsycho,79.0
2025-11-23,CarpeNoctom,78.0
2025-11-23,CryptoHayes,80.0
2025-11-23,DavidDuong,74.0
2025-11-23,JSeyff,100.0
2025-11-23,TraderMercury,26.0
2025-11-23,_Checkmatey_,35.0
2025-11-23,rektcapital,37.0
2025-11-24,AltcoinPsycho,79.0
2025-11-24,CarpeNoctom,79.0
2025-11-24,CryptoHayes,85.0
2025-11-24,DavidDuong,75.0
2025-11-24,JSeyff,100.0
2025-11-24,TraderMercury,25.0
2025-11-24,_Checkmatey_,33.0
2025-11-24,rektcapital,39.0
2025-11-25,AltcoinPsycho,79.0
2025-11-25,CarpeNoctom,83.0
2025-11-25,CryptoHayes,85.0
2025-11-25,DavidDuong,31.0
2025-11-25,JSeyff,100.0
2025-11-25,TraderMercury,24.0
2025-11-25,_Checkmatey_,31.0
2025-11-25,rektcapital,43.0
2025-11-26,AltcoinPsycho,79.0
2025-11-26,CarpeNoctom,85.0
2025-11-26,CryptoHayes,85.0
2025-11-26,DavidDuong,29.0
2025-11-26,JSeyff,
2025-11-26,TraderMercury,24.0
2025-11-26,_Checkmatey_,29.0
2025-11-26,rektcapital,46.0
2025-11-27,AltcoinPsycho,79.0
2025-11-27,CarpeNoctom,86.0
2025-11-27,CryptoHayes,85.0
2025-11-27,DavidDuong,28.0
2025-11-27,JSeyff,
2025-11-27,TraderMercury,34.0
2025-11-27,_Checkmatey_,28.0
2025-11-27,rektcapital,51.0
2025-11-28,AltcoinPsycho,79.0
2025-11-28,CarpeNoctom,88.0
2025-11-28,CryptoHayes,85.0
2025-11-28,DavidDuong,27.0
2025-11-28,JSeyff,
2025-11-28,TraderMercury,36.0
2025-11-28,_Checkmatey_,26.0
2025-11-28,rektcapital,53.0
2025-11-29,AltcoinPsycho,79.0
2025-11-29,CarpeNoctom,86.0
2025-11-29,CryptoHayes,85.0
2025-11-29,DavidDuong,26.0
2025-11-29,JSeyff,
2025-11-29,TraderMercury,31.0
2025-11-29,_Checkmatey_,25.0
2025-11-29,rektcapital,58.0
2025-11-30,AltcoinPsycho,79.0
2025-11-30,CarpeNoctom,91.0
2025-11-30,CryptoHayes,95.0
2025-11-30,DavidDuong,26.0
2025-11-30,JSeyff,
2025-11-30,TraderMercury,32.0
2025-11-30,_Checkmatey_,24.0
2025-11-30,rektcapital,60.0
2025-12-01,AltcoinPsycho,79.0
2025-12-01,CarpeNoctom,93.0
2025-12-01,CryptoHayes,37.0
2025-12-01,DavidDuong,26.0
2025-12-01,JSeyff,
2025-12-01,TraderMercury,27.0
2025-12-01,_Checkmatey_,23.0
2025-12-01,rektcapital,62.0
2025-12-02,AltcoinPsycho,79.0
2025-12-02,CarpeNoctom,73.0
2025-12-02,CryptoHayes,35.0
2025-12-02,DavidDuong,25.0
2025-12-02,JSeyff,
2025-12-02,TraderMercury,32.0
2025-12-02,_Checkmatey_,22.0
2025-12-02,rektcapital,59.0
2025-12-03,AltcoinPsycho,79.0
2025-12-03,CarpeNoctom,72.0
2025-12-03,CryptoHayes,33.0
2025-12-03,DavidDuong,84.0
2025-12-03,JSeyff,
2025-12-03,TraderMercury,39.0
2025-12-03,_Checkmatey_,21.0
2025-12-03,rektcapital,64.0
2025-12-04,AltcoinPsycho,75.0
2025-12-04,CarpeNoctom,71.0
2025-12-04,CryptoHayes,31.0
2025-12-04,DavidDuong,87.0
2025-12-04,JSeyff,
2025-12-04,TraderMercury,40.0
2025-12-04,_Checkmatey_,20.0
2025-12-04,rektcapital,71.0
2025-12-05,AltcoinPsycho,75.0
2025-12-05,CarpeNoctom,74.0
2025-12-05,CryptoHayes,29.0
2025-12-05,DavidDuong,90.0
2025-12-05,JSeyff,
2025-12-05,TraderMercury,41.0
2025-12-05,_Checkmatey_,19.0
2025-12-05,rektcapital,73.0
2025-12-06,AltcoinPsycho,75.0
2025-12-06,CarpeNoctom,74.0
2025-12-06,CryptoHayes,28.0
2025-12-06,DavidDuong,93.0
2025-12-06,JSeyff,
2025-12-06,TraderMercury,39.0
2025-12-06,_Checkmatey_,19.0
2025-12-06,rektcapital,64.0
2025-12-07,AltcoinPsycho,75.0
2025-12-07,CarpeNoctom,74.0
2025-12-07,CryptoHayes,27.0
2025-12-07,DavidDuong,36.0
2025-12-07,JSeyff,
2025-12-07,TraderMercury,39.0
2025-12-07,_Checkmatey_,71.0
2025-12-07,rektcapital,63.0
2025-12-08,AltcoinPsycho,75.0
2025-12-08,CarpeNoctom,43.0
2025-12-08,CryptoHayes,26.0
2025-12-08,DavidDuong,33.0
2025-12-08,JSeyff,
2025-12-08,TraderMercury,39.0
2025-12-08,_Checkmatey_,73.0
2025-12-08,rektcapital,63.0
2025-12-09,AltcoinPsycho,75.0
2025-12-09,CarpeNoctom,44.0
2025-12-09,CryptoHayes,25.0
2025-12-09,DavidDuong,31.0
2025-12-09,JSeyff,
2025-12-09,TraderMercury,39.0
2025-12-09,_Checkmatey_,74.0
2025-12-09,rektcapital,66.0
2025-12-10,AltcoinPsycho,75.0
2025-12-10,CarpeNoctom,45.0
2025-12-10,CryptoHayes,24.0
2025-12-10,DavidDuong,29.0
2025-12-10,JSeyff,
2025-12-10,TraderMercury,33.0
2025-12-10,_Checkmatey_,74.0
2025-12-10,rektcapital,74.0
2025-12-11,AltcoinPsycho,75.0
2025-12-11,CarpeNoctom,44.0
2025-12-11,CryptoHayes,23.0
2025-12-11,DavidDuong,27.0
2025-12-11,JSeyff,
2025-12-11,TraderMercury,31.0
2025-12-11,_Checkmatey_,75.0
2025-12-11,rektcapital,75.0
2025-12-12,AltcoinPsycho,75.0
2025-12-12,CarpeNoctom,43.0
2025-12-12,CryptoHayes,22.0
2025-12-12,DavidDuong,25.0
2025-12-12,JSeyff,25.0
2025-12-12,TraderMercury,29.0
2025-12-12,_Checkmatey_,39.0
2025-12-12,rektcapital,77.0
2025-12-13,AltcoinPsycho,75.0
2025-12-13,CarpeNoctom,46.0
2025-12-13,CryptoHayes,21.0
2025-12-13,DavidDuong,23.0
2025-12-13,JSeyff,25.0
2025-12-13,TraderMercury,28.0
2025-12-13,_Checkmatey_,32.0
2025-12-13,rektcapital,78.0
2025-12-14,AltcoinPsycho,75.0
2025-12-14,CarpeNoctom,48.0
2025-12-14,CryptoHayes,21.0
2025-12-14,DavidDuong,22.0
2025-12-14,JSeyff,25.0
2025-12-14,TraderMercury,27.0
2025-12-14,_Checkmatey_,36.0
2025-12-14,rektcapital,80.0
2025-12-15,AltcoinPsycho,75.0
2025-12-15,CarpeNoctom,49.0
2025-12-15,CryptoHayes,20.0
2025-12-15,DavidDuong,21.0
2025-12-15,JSeyff,25.0
2025-12-15,TraderMercury,39.0
2025-12-15,_Checkmatey_,36.0
2025-12-15,rektcapital,81.0
2025-12-16,AltcoinPsycho,75.0
2025-12-16,CarpeNoctom,45.0
2025-12-16,CryptoHayes,19.0
2025-12-16,DavidDuong,58.0
2025-12-16,JSeyff,25.0
2025-12-16,TraderMercury,41.0
2025-12-16,_Checkmatey_,35.0
2025-12-16,rektcapital,82.0
2025-12-17,AltcoinPsycho,75.0
2025-12-17,CarpeNoctom,45.0
2025-12-17,CryptoHayes,19.0
2025-12-17,DavidDuong,62.0
2025-12-17,JSeyff,25.0
2025-12-17,TraderMercury,43.0
2025-12-17,_Checkmatey_,35.0
2025-12-17,rektcapital,84.0
2025-12-18,AltcoinPsycho,75.0
2025-12-18,CarpeNoctom,45.0
2025-12-18,CryptoHayes,18.0
2025-12-18,DavidDuong,65.0
2025-12-18,JSeyff,25.0
2025-12-18,TraderMercury,44.0
2025-12-18,_Checkmatey_,35.0
2025-12-18,rektcapital,85.0
2025-12-19,AltcoinPsycho,75.0
2025-12-19,CarpeNoctom,44.0
2025-12-19,CryptoHayes,99.0
2025-12-19,DavidDuong,68.0
2025-12-19,JSeyff,25.0
2025-12-19,TraderMercury,40.0
2025-12-19,_Checkmatey_,33.0
2025-12-19,rektcapital,86.0
2025-12-20,AltcoinPsycho,75.0
2025-12-20,CarpeNoctom,44.0
2025-12-20,CryptoHayes,100.0
2025-12-20,DavidDuong,70.0
2025-12-20,JSeyff,25.0
2025-12-20,TraderMercury,40.0
2025-12-20,_Checkmatey_,42.0
2025-12-20,rektcapital,87.0
2025-12-21,AltcoinPsycho,
2025-12-21,CarpeNoctom,19.0
2025-12-21,CryptoHayes,100.0
2025-12-21,DavidDuong,71.0
2025-12-21,JSeyff,25.0
2025-12-21,TraderMercury,40.0
2025-12-21,_Checkmatey_,44.0
2025-12-21,rektcapital,88.0
2025-12-22,AltcoinPsycho,
2025-12-22,CarpeNoctom,16.0
2025-12-22,CryptoHayes,100.0
2025-12-22,DavidDuong,72.0
2025-12-22,JSeyff,25.0
2025-12-22,TraderMercury,39.0
2025-12-22,_Checkmatey_,45.0
2025-12-22,rektcapital,89.0
2025-12-23,AltcoinPsycho,
2025-12-23,CarpeNoctom,10.0
2025-12-23,CryptoHayes,100.0
2025-12-23,DavidDuong,73.0
2025-12-23,JSeyff,25.0
2025-12-23,TraderMercury,53.0
2025-12-23,_Checkmatey_,47.0
2025-12-23,rektcapital,90.0
2025-12-24,AltcoinPsycho,
2025-12-24,CarpeNoctom,6.0
2025-12-24,CryptoHayes,100.0
2025-12-24,DavidDuong,74.0
2025-12-24,JSeyff,25.0
2025-12-24,TraderMercury,55.0
2025-12-24,_Checkmatey_,48.0
2025-12-24,rektcapital,91.0
2025-12-25,AltcoinPsycho,
2025-12-25,CarpeNoctom,4.0
2025-12-25,CryptoHayes,100.0
2025-12-25,DavidDuong,74.0
2025-12-25,JSeyff,25.0
2025-12-25,TraderMercury,57.0
2025-12-25,_Checkmatey_,50.0
2025-12-25,rektcapital,92.0
2025-12-26,AltcoinPsycho,0.0
2025-12-26,CarpeNoctom,3.0
2025-12-26,CryptoHayes,100.0
2025-12-26,DavidDuong,74.0
2025-12-26,JSeyff,25.0
2025-12-26,TraderMercury,59.0
2025-12-26,_Checkmatey_,51.0
2025-12-26,rektcapital,92.0
2025-12-27,CarpeNoctom,2.0
2025-12-27,CryptoHayes,100.0
2025-12-27,DavidDuong,75.0
2025-12-27,JSeyff,25.0
2025-12-27,TraderMercury,60.0
2025-12-27,_Checkmatey_,52.0
2025-12-27,rektcapital,93.0
2025-12-28,CarpeNoctom,1.0
2025-12-28,CryptoHayes,100.0
2025-12-28,DavidDuong,75.0
2025-12-28,JSeyff,25.0
2025-12-28,TraderMercury,62.0
2025-12-28,_Checkmatey_,80.0
2025-12-28,rektcapital,93.0
2025-12-29,CarpeNoctom,9.0
2025-12-29,CryptoHayes,100.0
2025-12-29,DavidDuong,75.0
2025-12-29,JSeyff,25.0
2025-12-29,TraderMercury,63.0
2025-12-29,_Checkmatey_,84.0
2025-12-29,rektcapital,94.0
2025-12-30,CarpeNoctom,10.0
2025-12-30,CryptoHayes,100.0
2025-12-30,DavidDuong,75.0
2025-12-30,JSeyff,100.0
2025-12-30,TraderMercury,73.0
2025-12-30,_Checkmatey_,88.0
2025-12-30,rektcapital,94.0
2025-12-31,CarpeNoctom,11.0
2025-12-31,CryptoHayes,100.0
2025-12-31,DavidDuong,75.0
2025-12-31,JSeyff,100.0
2025-12-31,TraderMercury,74.0
2025-12-31,_Checkmatey_,91.0
2025-12-31,rektcapital,94.0
2026-01-01,CarpeNoctom,11.0
2026-01-01,CryptoHayes,100.0
2026-01-01,DavidDuong,75.0
2026-01-01,JSeyff,100.0
2026-01-01,TraderMercury,74.0
2026-01-01,_Checkmatey_,94.0
2026-01-01,rektcapital,95.0
2026-01-02,CarpeNoctom,12.0
2026-01-02,CryptoHayes,100.0
2026-01-02,DavidDuong,75.0
2026-01-02,JSeyff,100.0
2026-01-02,TraderMercury,74.0
2026-01-02,_Checkmatey_,95.0
2026-01-02,rektcapital,95.0
2026-01-03,CarpeNoctom,12.0
2026-01-03,CryptoHayes,100.0
2026-01-03,DavidDuong,75.0
2026-01-03,JSeyff,100.0
2026-01-03,TraderMercury,75.0
2026-01-03,_Checkmatey_,97.0
2026-01-03,rektcapital,95.0
2026-01-04,CarpeNoctom,17.0
2026-01-04,CryptoHayes,100.0
2026-01-04,DavidDuong,75.0
2026-01-04,JSeyff,100.0
2026-01-04,TraderMercury,75.0
2026-01-04,_Checkmatey_,98.0
2026-01-04,rektcapital,96.0
2026-01-05,CarpeNoctom,18.0
2026-01-05,CryptoHayes,100.0
2026-01-05,DavidDuong,75.0
2026-01-05,JSeyff,100.0
2026-01-05,TraderMercury,75.0
2026-01-05,rektcapital,22.0
2026-01-06,CarpeNoctom,47.0
2026-01-06,CryptoHayes,100.0
2026-01-06,DavidDuong,75.0
2026-01-06,JSeyff,80.0
2026-01-06,TraderMercury,85.0
2026-01-06,_Checkmatey_,100.0
2026-01-06,rektcapital,55.0
2026-01-07,CarpeNoctom,42.0
2026-01-07,CryptoHayes,100.0
2026-01-07,DavidDuong,100.0
2026-01-07,TraderMercury,92.0
2026-01-07,rektcapital,31.0
2026-01-08,CarpeNoctom,59.0
2026-01-08,CryptoHayes,100.0
2026-01-08,TraderMercury,90.0
2026-01-08,rektcapital,31.0
2026-01-09,CarpeNoctom,64.0
2026-01-10,CarpeNoctom,68.0
2026-01-10,CryptoHayes,100.0
2026-01-10,DavidDuong,100.0
2026-01-10,JSeyff,78.0
2026-01-10,TraderMercury,75.0
2026-01-10,_Checkmatey_,100.0
2026-01-10,rektcapital,31.0
2026-01-13,CarpeNoctom,57.0
2026-01-13,CryptoHayes,100.0
2026-01-13,DavidDuong,88.0
2026-01-13,JSeyff,76.0
2026-01-13,TraderMercury,60.0
2026-01-13,_Checkmatey_,100.0
2026-01-13,rektcapital,58.0
2026-01-15,AltcoinPsycho,100.0
2026-01-15,CarpeNoctom,59.0
2026-01-15,CryptoHayes,100.0
2026-01-15,DavidDuong,82.0
2026-01-15,JSeyff,30.0
2026-01-15,TraderMercury,64.0
2026-01-15,_Checkmatey_,100.0
2026-01-15,rektcapital,55.0
2026-01-16,AltcoinPsycho,100.0
2026-01-16,CarpeNoctom,59.0
2026-01-16,CryptoHayes,100.0
2026-01-16,DavidDuong,81.0
2026-01-16,JSeyff,28.0
2026-01-16,TraderMercury,60.0
2026-01-16,_Checkmatey_,100.0
2026-01-16,rektcapital,55.0
2026-01-17,AltcoinPsycho,100.0
2026-01-17,CarpeNoctom,45.0
2026-01-17,CryptoHayes,100.0
2026-01-17,DavidDuong,80.0
2026-01-17,JSeyff,27.0
2026-01-17,TraderMercury,57.0
2026-01-17,_Checkmatey_,100.0
2026-01-17,rektcapital,55.0
2026-01-18,AltcoinPsycho,100.0
2026-01-18,CarpeNoctom,62.0
2026-01-18,CryptoHayes,100.0
2026-01-18,DavidDuong,79.0
2026-01-18,JSeyff,27.0
2026-01-18,TraderMercury,56.0
2026-01-18,_Checkmatey_,100.0
2026-01-18,rektcapital,54.0
2026-01-19,AltcoinPsycho,100.0
2026-01-19,CarpeNoctom,68.0
2026-01-19,CryptoHayes,100.0
2026-01-19,DavidDuong,81.0
2026-01-19,JSeyff,26.0
2026-01-19,TraderMercury,45.0
2026-01-19,_Checkmatey_,100.0
2026-01-19,rektcapital,40.0
2026-01-20,AltcoinPsycho,100.0
2026-01-20,CarpeNoctom,67.0
2026-01-20,CryptoHayes,54.0
2026-01-20,DavidDuong,80.0
2026-01-20,JSeyff,26.0
2026-01-20,TraderMercury,42.0
2026-01-20,_Checkmatey_,100.0
2026-01-20,rektcapital,41.0
2026-01-21,AltcoinPsycho,100.0
2026-01-21,CarpeNoctom,68.0
2026-01-21,CryptoHayes,50.0
2026-01-21,DavidDuong,79.0
2026-01-21,JSeyff,26.0
2026-01-21,TraderMercury,41.0
2026-01-21,_Checkmatey_,75.0
2026-01-21,rektcapital,41.0
2026-01-22,AltcoinPsycho,100.0
2026-01-22,CarpeNoctom,72.0
2026-01-22,CryptoHayes,46.0
2026-01-22,DavidDuong,88.0
2026-01-22,JSeyff,25.0
2026-01-22,TraderMercury,30.0
2026-01-22,_Checkmatey_,87.0
2026-01-22,rektcapital,35.0
2026-01-23,AltcoinPsycho,100.0
2026-01-23,CarpeNoctom,70.0
2026-01-23,CryptoHayes,55.0
2026-01-23,DavidDuong,76.0
2026-01-23,JSeyff,25.0
2026-01-23,TraderMercury,28.0
2026-01-23,_Checkmatey_,88.0
2026-01-23,rektcapital,24.0
2026-01-24,AltcoinPsycho,100.0
2026-01-24,CarpeNoctom,71.0
2026-01-24,CryptoHayes,54.0
2026-01-24,DavidDuong,88.0
2026-01-24,JSeyff,87.0
2026-01-24,TraderMercury,29.0
2026-01-24,_Checkmatey_,88.0
2026-01-24,rektcapital,22.0
2026-01-25,AltcoinPsycho,34.0
2026-01-25,CarpeNoctom,72.0
2026-01-25,CryptoHayes,58.0
2026-01-25,DavidDuong,26.0
2026-01-25,JSeyff,90.0
2026-01-25,TraderMercury,33.0
2026-01-25,_Checkmatey_,88.0
2026-01-25,rektcapital,20.0
2026-01-26,AltcoinPsycho,56.0
2026-01-26,CarpeNoctom,33.0
2026-01-26,CryptoHayes,40.0
2026-01-26,DavidDuong,26.0
2026-01-26,JSeyff,92.0
2026-01-26,TraderMercury,34.0
2026-01-26,_Checkmatey_,46.0
2026-01-26,rektcapital,22.0
2026-01-27,AltcoinPsycho,51.0
2026-01-27,CarpeNoctom,28.0
2026-01-27,CryptoHayes,39.0
2026-01-27,DavidDuong,25.0
2026-01-27,JSeyff,97.0
2026-01-27,TraderMercury,38.0
2026-01-27,_Checkmatey_,55.0
2026-01-27,rektcapital,22.0
2026-01-28,AltcoinPsycho,56.0
2026-01-28,CarpeNoctom,22.0
2026-01-28,CryptoHayes,38.0
2026-01-28,DavidDuong,25.0
2026-01-28,JSeyff,98.0
2026-01-28,TraderMercury,39.0
2026-01-28,_Checkmatey_,53.0
2026-01-28,rektcapital,21.0
2026-01-29,AltcoinPsycho,63.0
2026-01-29,CarpeNoctom,21.0
2026-01-29,CryptoHayes,37.0
2026-01-29,DavidDuong,25.0
2026-01-29,JSeyff,99.0
2026-01-29,TraderMercury,33.0
2026-01-29,_Checkmatey_,50.0
2026-01-29,rektcapital,23.0
2026-01-30,AltcoinPsycho,56.0
2026-01-30,CarpeNoctom,13.0
2026-01-30,CryptoHayes,30.0
2026-01-30,DavidDuong,25.0
2026-01-30,JSeyff,99.0
2026-01-30,TraderMercury,36.0
2026-01-30,_Checkmatey_,27.0
2026-01-30,rektcapital,19.0
2026-01-31,AltcoinPsycho,44.0
2026-01-31,CarpeNoctom,10.0
2026-01-31,CryptoHayes,29.0
2026-01-31,DavidDuong,25.0
2026-01-31,JSeyff,90.0
2026-01-31,TraderMercury,26.0
2026-01-31,_Checkmatey_,23.0
2026-01-31,rektcapital,15.0
2026-02-01,AltcoinPsycho,44.0
2026-02-01,CarpeNoctom,8.0
2026-02-01,CryptoHayes,29.0
2026-02-01,DavidDuong,25.0
2026-02-01,JSeyff,90.0
2026-02-01,TraderMercury,36.0
2026-02-01,_Checkmatey_,20.0
2026-02-01,rektcapital,12.0
2026-02-02,AltcoinPsycho,42.0
2026-02-02,CarpeNoctom,8.0
2026-02-02,CryptoHayes,28.0
2026-02-02,DavidDuong,25.0
2026-02-02,JSeyff,100.0
2026-02-02,TraderMercury,36.0
2026-02-02,_Checkmatey_,17.0
2026-02-02,rektcapital,9.0
2026-02-03,AltcoinPsycho,50.0
2026-02-03,CarpeNoctom,8.0
2026-02-03,CryptoHayes,27.0
2026-02-03,DavidDuong,25.0
2026-02-03,JSeyff,89.0
2026-02-03,TraderMercury,49.0
2026-02-03,_Checkmatey_,14.0
2026-02-03,rektcapital,8.0
2026-02-04,AltcoinPsycho,50.0
2026-02-04,CarpeNoctom,9.0
2026-02-04,CryptoHayes,27.0
2026-02-04,DavidDuong,25.0
2026-02-04,JSeyff,45.0
2026-02-04,TraderMercury,48.0
2026-02-04,_Checkmatey_,12.0
2026-02-04,rektcapital,7.0
2026-02-05,AltcoinPsycho,48.0
2026-02-05,CarpeNoctom,9.0
2026-02-05,CryptoHayes,26.0
2026-02-05,DavidDuong,25.0
2026-02-05,JSeyff,36.0
2026-02-05,TraderMercury,48.0
2026-02-05,_Checkmatey_,10.0
2026-02-05,rektcapital,6.0
2026-02-06,AltcoinPsycho,60.0
2026-02-06,CarpeNoctom,9.0
2026-02-06,CryptoHayes,16.0
2026-02-06,DavidDuong,25.0
2026-02-06,JSeyff,39.0
2026-02-06,TraderMercury,55.0
2026-02-06,_Checkmatey_,8.0
2026-02-06,rektcapital,6.0
2026-02-07,AltcoinPsycho,66.0
2026-02-07,CarpeNoctom,7.0
2026-02-07,CryptoHayes,18.0
2026-02-07,DavidDuong,25.0
2026-02-07,JSeyff,34.0
2026-02-07,TraderMercury,52.0
2026-02-07,_Checkmatey_,7.0
2026-02-07,rektcapital,6.0
2026-02-08,AltcoinPsycho,58.0
2026-02-08,CarpeNoctom,7.0
2026-02-08,CryptoHayes,25.0
2026-02-08,DavidDuong,25.0
2026-02-08,JSeyff,32.0
2026-02-08,TraderMercury,54.0
2026-02-08,_Checkmatey_,6.0
2026-02-08,rektcapital,6.0
2026-02-09,AltcoinPsycho,69.0
2026-02-09,CarpeNoctom,7.0
2026-02-09,CryptoHayes,26.0
2026-02-09,DavidDuong,25.0
2026-02-09,JSeyff,12.0
2026-02-09,TraderMercury,53.0
2026-02-09,_Checkmatey_,90.0
2026-02-09,rektcapital,6.0
2026-02-10,AltcoinPsycho,68.0
2026-02-10,CarpeNoctom,19.0
2026-02-10,CryptoHayes,26.0
2026-02-10,DavidDuong,13.0
2026-02-10,JSeyff,11.0
2026-02-10,TraderMercury,53.0
2026-02-10,_Checkmatey_,93.0
2026-02-10,rektcapital,6.0
2026-02-11,AltcoinPsycho,71.0
2026-02-11,CarpeNoctom,22.0
2026-02-11,CryptoHayes,27.0
2026-02-11,DavidDuong,25.0
2026-02-11,JSeyff,10.0
2026-02-11,TraderMercury,48.0
2026-02-11,_Checkmatey_,95.0
2026-02-11,rektcapital,8.0
2026-02-12,AltcoinPsycho,70.0
2026-02-12,CarpeNoctom,39.0
2026-02-12,CryptoHayes,28.0
2026-02-12,DavidDuong,13.0
2026-02-12,JSeyff,8.0
2026-02-12,TraderMercury,44.0
2026-02-12,_Checkmatey_,97.0
2026-02-12,rektcapital,7.0
2026-02-13,AltcoinPsycho,73.0
2026-02-13,CarpeNoctom,46.0
2026-02-13,CryptoHayes,29.0
2026-02-13,DavidDuong,27.0
2026-02-13,JSeyff,18.0
2026-02-13,TraderMercury,40.0
2026-02-13,_Checkmatey_,97.0
2026-02-13,rektcapital,5.0
2026-02-14,AltcoinPsycho,74.0
2026-02-14,CarpeNoctom,32.0
2026-02-14,CryptoHayes,29.0
2026-02-14,DavidDuong,32.0
2026-02-14,JSeyff,27.0
2026-02-14,TraderMercury,47.0
2026-02-14,_Checkmatey_,99.0
2026-02-14,rektcapital,5.0
2026-02-15,AltcoinPsycho,74.0
2026-02-15,CarpeNoctom,21.0
2026-02-15,CryptoHayes,30.0
2026-02-15,DavidDuong,33.0
2026-02-15,JSeyff,19.0
2026-02-15,TraderMercury,45.0
2026-02-15,_Checkmatey_,99.0
2026-02-15,rektcapital,6.0
2026-02-16,AltcoinPsycho,74.0
2026-02-16,CarpeNoctom,19.0
2026-02-16,CryptoHayes,31.0
2026-02-16,DavidDuong,34.0
2026-02-16,JSeyff,27.0
2026-02-16,TraderMercury,44.0
2026-02-16,_Checkmatey_,99.0
2026-02-16,rektcapital,9.0
2026-02-17,AltcoinPsycho,75.0
2026-02-17,CarpeNoctom,18.0
2026-02-17,CryptoHayes,32.0
2026-02-17,DavidDuong,35.0
2026-02-17,JSeyff,32.0
2026-02-17,TraderMercury,51.0
2026-02-17,_Checkmatey_,100.0
2026-02-17,rektcapital,9.0
2026-02-18,AltcoinPsycho,75.0
2026-02-18,CarpeNoctom,16.0
2026-02-18,CryptoHayes,66.0
2026-02-18,DavidDuong,29.0
2026-02-18,JSeyff,37.0
2026-02-18,TraderMercury,53.0
2026-02-18,_Checkmatey_,100.0
2026-02-18,rektcapital,9.0
2026-02-19,AltcoinPsycho,75.0
2026-02-19,CarpeNoctom,16.0
2026-02-19,CryptoHayes,83.0
2026-02-19,DavidDuong,29.0
2026-02-19,JSeyff,42.0
2026-02-19,TraderMercury,53.0
2026-02-19,_Checkmatey_,100.0
2026-02-19,rektcapital,8.0
2026-02-20,AltcoinPsycho,75.0
2026-02-20,CarpeNoctom,13.0
2026-02-20,CryptoHayes,88.0
2026-02-20,DavidDuong,29.0
2026-02-20,JSeyff,48.0
2026-02-20,TraderMercury,46.0
2026-02-20,_Checkmatey_,100.0
2026-02-20,rektcapital,8.0
2026-02-21,AltcoinPsycho,75.0
2026-02-21,CarpeNoctom,12.0
2026-02-21,CryptoHayes,92.0
2026-02-21,DavidDuong,28.0
2026-02-21,JSeyff,53.0
2026-02-21,TraderMercury,43.0
2026-02-21,_Checkmatey_,100.0
2026-02-21,rektcapital,8.0
2026-02-22,AltcoinPsycho,75.0
2026-02-22,CarpeNoctom,12.0
2026-02-22,CryptoHayes,95.0
2026-02-22,DavidDuong,28.0
2026-02-22,JSeyff,56.0
2026-02-22,TraderMercury,38.0
2026-02-22,_Checkmatey_,100.0
2026-02-22,rektcapital,8.0
2026-02-23,AltcoinPsycho,75.0
2026-02-23,CarpeNoctom,9.0
2026-02-23,CryptoHayes,98.0
2026-02-23,DavidDuong,27.0
2026-02-23,JSeyff,59.0
2026-02-23,TraderMercury,55.0
2026-02-23,_Checkmatey_,100.0
2026-02-23,rektcapital,6.0
2026-02-24,AltcoinPsycho,75.0
2026-02-24,CarpeNoctom,8.0
2026-02-24,CryptoHayes,99.0
2026-02-24,DavidDuong,27.0
2026-02-24,JSeyff,41.0
2026-02-24,TraderMercury,44.0
2026-02-24,_Checkmatey_,100.0
2026-02-24,rektcapital,6.0
2026-02-25,AltcoinPsycho,98.0
2026-02-25,CarpeNoctom,8.0
2026-02-25,CryptoHayes,99.0
2026-02-25,DavidDuong,27.0
2026-02-25,JSeyff,39.0
2026-02-25,TraderMercury,46.0
2026-02-25,_Checkmatey_,100.0
2026-02-25,rektcapital,4.0
2026-02-26,AltcoinPsycho,99.0
2026-02-26,CarpeNoctom,8.0
2026-02-26,CryptoHayes,100.0
2026-02-26,DavidDuong,27.0
2026-02-26,JSeyff,37.0
2026-02-26,TraderMercury,43.0
2026-02-26,_Checkmatey_,76.0
2026-02-26,rektcapital,6.0
2026-02-27,AltcoinPsycho,99.0
2026-02-27,CarpeNoctom,8.0
2026-02-27,CryptoHayes,100.0
2026-02-27,DavidDuong,25.0
2026-02-27,JSeyff,34.0
2026-02-27,TraderMercury,50.0
2026-02-27,_Checkmatey_,75.0
2026-02-27,rektcapital,5.0
2026-02-28,AltcoinPsycho,99.0
2026-02-28,CarpeNoctom,7.0
2026-02-28,CryptoHayes,82.0
2026-02-28,DavidDuong,25.0
2026-02-28,JSeyff,30.0
2026-02-28,TraderMercury,48.0
2026-02-28,_Checkmatey_,74.0
2026-02-28,rektcapital,5.0
2026-03-01,AltcoinPsycho,100.0
2026-03-01,CarpeNoctom,7.0
2026-03-01,CryptoHayes,100.0
2026-03-01,DavidDuong,25.0
2026-03-01,JSeyff,26.0
2026-03-01,TraderMercury,56.0
2026-03-01,_Checkmatey_,79.0
2026-03-01,rektcapital,5.0
2026-03-02,AltcoinPsycho,100.0
2026-03-02,CarpeNoctom,28.0
2026-03-02,CryptoHayes,100.0
2026-03-02,DavidDuong,25.0
2026-03-02,JSeyff,25.0
2026-03-02,TraderMercury,68.0
2026-03-02,_Checkmatey_,79.0
2026-03-02,rektcapital,6.0
2026-03-03,AltcoinPsycho,100.0
2026-03-03,CarpeNoctom,31.0
2026-03-03,CryptoHayes,100.0
2026-03-03,DavidDuong,25.0
2026-03-03,JSeyff,22.0
2026-03-03,TraderMercury,61.0
2026-03-03,_Checkmatey_,78.0
2026-03-03,rektcapital,6.0
2026-03-04,AltcoinPsycho,100.0
2026-03-04,CarpeNoctom,33.0
2026-03-04,CryptoHayes,45.0
2026-03-04,DavidDuong,25.0
2026-03-04,JSeyff,19.0
2026-03-04,TraderMercury,67.0
2026-03-04,_Checkmatey_,78.0
2026-03-04,rektcapital,8.0
